Station,Year,Month,Day,Max Temp. (degree Celcius),Min Temp. (degree Celcius),Rainfall (mm),Actual Evaporation (mm),"Relative Humidity (morning, %)","Relative Humidity (afternoon, %)",Sunshine (hour/day),Cloudy (hour/day),Solar Radiation (cal/cm^2/day),,,,,,,,,,,,,,,,,,,,,,,,,
Gazipur,2016,1,1,27.2,14.2,0,1,89,58,7.4,,298.96,,,,,,,,,,,,,,,,,,,,,,,,,
,2016,1,2,27.6,13,0,2,71,52,6.2,,269.19,,,,,,,,,,,,,,,,,,,,,,,,,
,2016,1,3,25.7,12.8,0,2,89,58,4.8,,234.46,,,,,,,,,,,,,,,,,,,,,,,,,
,2016,1,4,26.8,14,0,2,84,58,6.4,,274.15,,,,,,,,,,,,,,,,,,,,,,,,,
,2016,1,5,26.4,14.8,0,2,78,50,5.8,,259.27,,,,,,,,,,,,,,,,,,,,,,,,,
,2016,1,6,27.2,14.6,0,2,79,49,7.8,,308.88,,,,,,,,,,,,,,,,,,,,,,,,,
,2016,1,7,27,14.8,0,1,79,45,6.6,,279.11,,,,,,,,,,,,,,,,,,,,,,,,,
,2016,1,8,25.6,13.2,0,1,79,50,3.4,,199.73,,,,,,,,,,,,,,,,,,,,,,,,,
,2016,1,9,26.8,13.1,0,2,100,38,4.2,,219.58,,,,,,,,,,,,,,,,,,,,,,,,,
,2016,1,10,23.2,15.8,0,2,100,69,2.6,,179.89,,,,,,,,,,,,,,,,,,,,,,,,,
,2016,1,11,24.4,14.2,0,2,100,40,6.4,,274.15,,,,,,,,,,,,,,,,,,,,,,,,,
,2016,1,12,24.4,11.8,0,2,88,56,4.8,,234.46,,,,,,,,,,,,,,,,,,,,,,,,,
,2016,1,13,24.6,11.2,0,1,94,52,4.6,,217.1,,,,,,,,,,,,,,,,,,,,,,,,,
,2016,1,14,25.4,12.6,0,1,88,56,6.2,,269.19,,,,,,,,,,,,,,,,,,,,,,,,,
,2016,1,15,25.9,11.8,0,2,71,50,5.1,,241.9,,,,,,,,,,,,,,,,,,,,,,,,,
,2016,1,16,26.6,13,0,2,89,49,6.2,,269.19,,,,,,,,,,,,,,,,,,,,,,,,,
,2016,1,17,26.2,12.6,0,2,89,49,7.6,,303.92,,,,,,,,,,,,,,,,,,,,,,,,,
,2016,1,18,26.6,11.2,0,3,83,45,7.2,,294,,,,,,,,,,,,,,,,,,,,,,,,,
,2016,1,19,24.6,13.8,0,1,79,56,2.6,,179.89,,,,,,,,,,,,,,,,,,,,,,,,,
,2016,1,20,21.4,16.2,7.2,2.2,83,79,NIL,,115.4,,,,,,,,,,,,,,,,,,,,,,,,,
,2016,1,21,23.2,14.4,0,1,88,68,3.4,,199.73,,,,,,,,,,,,,,,,,,,,,,,,,
,2016,1,22,20,13,0,2,88,70,2.2,,169.97,,,,,,,,,,,,,,,,,,,,,,,,,
,2016,1,23,21.2,12.8,0,1,94,69,3.8,,209.66,,,,,,,,,,,,,,,,,,,,,,,,,
,2016,1,24,22.6,10,0,2,93,62,5.6,,254.31,,,,,,,,,,,,,,,,,,,,,,,,,
,2016,1,25,23.2,10,0,1,100,60,6.8,,284.07,,,,,,,,,,,,,,,,,,,,,,,,,
,2016,1,26,22.8,8.4,0,2,93,40,7.2,,294,,,,,,,,,,,,,,,,,,,,,,,,,
,2016,1,27,24.5,9,0,2,87,70,6.6,,279.11,,,,,,,,,,,,,,,,,,,,,,,,,
,2016,1,28,25.2,13,0,2,73,56,6.1,,266.71,,,,,,,,,,,,,,,,,,,,,,,,,
,2016,1,29,25.5,13.2,0,2,79,56,4.1,,217.1,,,,,,,,,,,,,,,,,,,,,,,,,
,2016,1,30,24.6,12.8,0,2,88,49,5.2,,244.38,,,,,,,,,,,,,,,,,,,,,,,,,
,2016,1,31,24.8,15,0,1,89,81,1.4,,150.12,,,,,,,,,,,,,,,,,,,,,,,,,
,2016,2,1,27.6,16.4,0,2,100,59,5.4,,289.76,,,,,,,,,,,,,,,,,,,,,,,,,
,2016,2,2,28.4,15.8,0,3,100,59,5.2,,284.12,,,,,,,,,,,,,,,,,,,,,,,,,
,2016,2,3,27.4,16.2,0,3,80,45,6.1,,309.51,,,,,,,,,,,,,,,,,,,,,,,,,
,2016,2,4,26.7,15,0,,60,38,8.2,,368.77,,,,,,,,,,,,,,,,,,,,,,,,,
,2016,2,5,26.8,13.4,0,3,53,40,8.5,,377.23,,,,,,,,,,,,,,,,,,,,,,,,,
,2016,2,6,27.2,11.8,0,2,54,38,7.6,,351.84,,,,,,,,,,,,,,,,,,,,,,,,,
,2016,2,7,28.2,12.2,0,2,62,52,5.4,,289.76,,,,,,,,,,,,,,,,,,,,,,,,,
,2016,2,8,28.6,14.2,0,1,71,46,3.8,,244.62,,,,,,,,,,,,,,,,,,,,,,,,,
,2016,2,9,28.4,18.6,0,2,80,59,3.4,,233.33,,,,,,,,,,,,,,,,,,,,,,,,,
,2016,2,10,28.2,19.2,0,2,90,66,5.8,,301.05,,,,,,,,,,,,,,,,,,,,,,,,,
,2016,2,11,28.7,16,0,2,90,68,6.2,,312.33,,,,,,,,,,,,,,,,,,,,,,,,,
,2016,2,12,27.2,16.8,0,1,71,46,4.8,,272.83,,,,,,,,,,,,,,,,,,,,,,,,,
,2016,2,13,29.6,12.6,0,2,70,68,5.2,,284.12,,,,,,,,,,,,,,,,,,,,,,,,,
,2016,2,14,28.6,17.4,0,2,71,53,2.8,,216.4,,,,,,,,,,,,,,,,,,,,,,,,,
,2016,2,15,30.4,19.2,0,3,73,64,3.3,,230.51,,,,,,,,,,,,,,,,,,,,,,,,,
,2016,2,16,32,19.8,0,3,81,68,7.4,,346.19,,,,,,,,,,,,,,,,,,,,,,,,,
,2016,2,17,31.2,18.4,0,3,80,44,7.6,,351.81,,,,,,,,,,,,,,,,,,,,,,,,,
,2016,2,18,32.5,18.8,0,4,66,56,7.8,,357.48,,,,,,,,,,,,,,,,,,,,,,,,,
,2016,2,19,33.2,20,0,4,82,40,10.2,,425.2,,,,,,,,,,,,,,,,,,,,,,,,,
,2016,2,20,34.4,19.8,0,3,60,50,7.6,,351.84,,,,,,,,,,,,,,,,,,,,,,,,,
,2016,2,21,34.2,22,0,3,82,51,7.4,,346.19,,,,,,,,,,,,,,,,,,,,,,,,,
,2016,2,22,31.5,21.4,0,4,59,42,6.8,,329.26,,,,,,,,,,,,,,,,,,,,,,,,,
,2016,2,23,31.6,18.2,0,3,90,61,3.8,,244.62,,,,,,,,,,,,,,,,,,,,,,,,,
,2016,2,24,27.4,19.4,0,3,80,66,4.4,,261.55,,,,,,,,,,,,,,,,,,,,,,,,,
,2016,2,25,29.6,20.4,0,3,73,54,6.8,,329.26,,,,,,,,,,,,,,,,,,,,,,,,,
,2016,2,26,30.5,19.2,0,3,60,44,7.1,,337.73,,,,,,,,,,,,,,,,,,,,,,,,,
,2016,2,27,31.4,21,0,4,66,44,8.8,,385.7,,,,,,,,,,,,,,,,,,,,,,,,,
,2016,2,28,32.5,19.8,0,3,59,49,5.6,,295.41,,,,,,,,,,,,,,,,,,,,,,,,,
,2016,2,29,33,19,0,3,66,39,8.4,,374.41,,,,,,,,,,,,,,,,,,,,,,,,,
,2016,3,1,32.2,18.8,0,4,66,44,7.6,,404.46,,,,,,,,,,,,,,,,,,,,,,,,,
,2016,3,2,32.8,20.2,0,3,66,50,6.4,,366.33,,,,,,,,,,,,,,,,,,,,,,,,,
,2016,3,3,33.5,19.8,0,4,74,35,8.2,,423.52,,,,,,,,,,,,,,,,,,,,,,,,,
,2016,3,4,33.6,21.4,0,3,82,42,7.8,,410.81,,,,,,,,,,,,,,,,,,,,,,,,,
,2016,3,5,32.2,20.4,0,2,90,63,4.6,,309.14,,,,,,,,,,,,,,,,,,,,,,,,,
,2016,3,6,32.6,21.8,45,6,91,63,4.2,,296.43,,,,,,,,,,,,,,,,,,,,,,,,,
,2016,3,7,32.4,19.4,0,2,81,50,8.4,,429.87,,,,,,,,,,,,,,,,,,,,,,,,,
,2016,3,8,32.8,21.4,0,4,90,45,8.2,,423.52,,,,,,,,,,,,,,,,,,,,,,,,,
,2016,3,9,34.5,22.2,0,4,60,51,7.6,,404.46,,,,,,,,,,,,,,,,,,,,,,,,,
,2016,3,10,35,23.8,0,3,74,46,6.7,,375.86,,,,,,,,,,,,,,,,,,,,,,,,,
,2016,3,11,34.8,24.4,0,5,64,46,7.2,,391.75,,,,,,,,,,,,,,,,,,,,,,,,,
,2016,3,12,34.6,22,0,4,74,40,7.6,,404.46,,,,,,,,,,,,,,,,,,,,,,,,,
,2016,3,13,31.7,23.4,0,5,66,44,4.6,,309.14,,,,,,,,,,,,,,,,,,,,,,,,,
,2016,3,14,32.4,20.2,0,4,66,44,4.7,,312.32,,,,,,,,,,,,,,,,,,,,,,,,,
,2016,3,15,33.2,20,1.8,3.8,59,45,8.2,,423.52,,,,,,,,,,,,,,,,,,,,,,,,,
,2016,3,16,32.8,21.4,0,5,74,39,7.7,,407.63,,,,,,,,,,,,,,,,,,,,,,,,,
,2016,3,17,33.7,19.8,0,5,59,40,8.7,,439.4,,,,,,,,,,,,,,,,,,,,,,,,,
,2016,3,18,34,18.2,5.6,2.6,59,44,7.5,,401.28,,,,,,,,,,,,,,,,,,,,,,,,,
,2016,3,19,31.5,21,0,2,90,76,2.4,,239.25,,,,,,,,,,,,,,,,,,,,,,,,,
,2016,3,20,31.4,22.4,0,,91,69,1.2,,201.1,,,,,,,,,,,,,,,,,,,,,,,,,
,2016,3,21,35,23.5,0,4,91,58,6.2,,359.98,,,,,,,,,,,,,,,,,,,,,,,,,
,2016,3,22,34.8,23,0,5,75,30,8.7,,439.4,,,,,,,,,,,,,,,,,,,,,,,,,
,2016,3,23,35,22.8,0,6,61,30,9.2,,455.29,,,,,,,,,,,,,,,,,,,,,,,,,
,2016,3,24,35.2,19.8,0,5,74,40,9.1,,452.11,,,,,,,,,,,,,,,,,,,,,,,,,
,2016,3,25,35,20,0,4,67,46,6.6,,372.68,,,,,,,,,,,,,,,,,,,,,,,,,
,2016,3,26,35.4,22.2,0,5,74,52,7.6,,404.46,,,,,,,,,,,,,,,,,,,,,,,,,
,2016,3,27,33.4,23.6,0,5,83,69,5.2,,328.21,,,,,,,,,,,,,,,,,,,,,,,,,
,2016,3,28,29,26.2,18.4,1.4,83,100,1.2,,201.12,,,,,,,,,,,,,,,,,,,,,,,,,
,2016,3,29,32.6,20,17,4,90,69,4.4,,302.79,,,,,,,,,,,,,,,,,,,,,,,,,
,2016,3,30,34.2,20.6,1.6,5.6,83,63,7.2,,391.75,,,,,,,,,,,,,,,,,,,,,,,,,
,2016,3,31,29.4,21.8,58.8,,74,100,NIL,,163,,,,,,,,,,,,,,,,,,,,,,,,,
,2016,4,1,25.2,19,nil,2,90,73,nil,,176.6,,,,,,,,,,,,,,,,,,,,,,,,,
,2016,4,2,29.2,19.8,26.2,1.2,81,100,1.2,,215.59,,,,,,,,,,,,,,,,,,,,,,,,,
,2016,4,3,30.6,23.2,10.2,4.2,91,58,0.4,,189.59,,,,,,,,,,,,,,,,,,,,,,,,,
,2016,4,4,33.2,23.6,11.4,3.4,91,75,4.2,,313.07,,,,,,,,,,,,,,,,,,,,,,,,,
,2016,4,5,31.4,24.2,0,3,83,83,1.2,,215.59,,,,,,,,,,,,,,,,,,,,,,,,,
,2016,4,6,33.6,26.2,0,6,84,65,8.4,,449.55,,,,,,,,,,,,,,,,,,,,,,,,,
,2016,4,7,38.4,26.8,0,6,76,64,8.8,,462.55,,,,,,,,,,,,,,,,,,,,,,,,,
,2016,4,8,38.7,26.7,0,5,84,59,6.8,,397.56,,,,,,,,,,,,,,,,,,,,,,,,,
,2016,4,9,36.4,26,0,4,91,70,7.6,,423.55,,,,,,,,,,,,,,,,,,,,,,,,,
,2016,4,10,39.8,26.4,0,6,83,65,9.2,,475.54,,,,,,,,,,,,,,,,,,,,,,,,,
,2016,4,11,39.8,26,0,6,77,59,9.2,,475.54,,,,,,,,,,,,,,,,,,,,,,,,,
,2016,4,12,40.6,26.6,0,6,77,65,9.3,,478.79,,,,,,,,,,,,,,,,,,,,,,,,,
,2016,4,13,40.6,27.2,0,6,77,39,9.4,,482.04,,,,,,,,,,,,,,,,,,,,,,,,,
,2016,4,14,37.8,27.4,0,7,69,59,8.6,,456.05,,,,,,,,,,,,,,,,,,,,,,,,,
,2016,4,15,37,27.6,0,5,69,64,6.4,,384.56,,,,,,,,,,,,,,,,,,,,,,,,,
,2016,4,16,35.8,28.2,16.2,,76,64,7.3,,413.8,,,,,,,,,,,,,,,,,,,,,,,,,
,2016,4,17,37.2,23.4,0,5,76,70,6.2,,378.06,,,,,,,,,,,,,,,,,,,,,,,,,
,2016,4,18,34.4,26.8,0,4,76,70,3.2,,280.58,,,,,,,,,,,,,,,,,,,,,,,,,
,2016,4,19,38.4,27,0,6,69,59,8.3,,446.3,,,,,,,,,,,,,,,,,,,,,,,,,
,2016,4,20,37.8,26.8,0,6,76,65,7.6,,423.55,,,,,,,,,,,,,,,,,,,,,,,,,
,2016,4,21,36.8,27.8,0,7,76,65,8.2,,443.05,,,,,,,,,,,,,,,,,,,,,,,,,
,2016,4,22,37.6,28,0,6,70,65,8.4,,449.55,,,,,,,,,,,,,,,,,,,,,,,,,
,2016,4,23,37.4,28.4,0,7,70,59,8.6,,456.05,,,,,,,,,,,,,,,,,,,,,,,,,
,2016,4,24,41.2,28.6,0,7,77,27,8.8,,462.55,,,,,,,,,,,,,,,,,,,,,,,,,
,2016,4,25,37.4,28.2,0,7,76,54,9.8,,495.04,,,,,,,,,,,,,,,,,,,,,,,,,
,2016,4,26,37.6,28.4,0,6,69,53,10.2,,508.4,,,,,,,,,,,,,,,,,,,,,,,,,
,2016,4,27,37.5,27.5,0,6,77,59,9.6,,488.54,,,,,,,,,,,,,,,,,,,,,,,,,
,2016,4,28,39.4,25.8,0,7,70,65,8.2,,443.05,,,,,,,,,,,,,,,,,,,,,,,,,
,2016,4,29,38,25.6,,5,70,65,10.1,,504.79,,,,,,,,,,,,,,,,,,,,,,,,,
,2016,4,30,37,28,,5,70,56,5.7,,361.81,,,,,,,,,,,,,,,,,,,,,,,,,
,2016,5,1,36.5,27.8,4.2,6.2,77,59,8.4,,459.13,,,,,,,,,,,,,,,,,,,,,,,,,
,2016,5,2,32.2,22.1,0,4,64,76,2.8,,277.84,,,,,,,,,,,,,,,,,,,,,,,,,
,2016,5,3,32.4,22,0,4,66,63,2.4,,264.89,,,,,,,,,,,,,,,,,,,,,,,,,
,2016,5,4,33.6,22.2,0,5,66,50,6.8,,407.33,,,,,,,,,,,,,,,,,,,,,,,,,
,2016,5,5,34.7,25.2,13.2,4.2,76,63,4.8,,342.59,,,,,,,,,,,,,,,,,,,,,,,,,
,2016,5,6,32.8,23.6,5.2,3.2,83,77,6.6,,400.86,,,,,,,,,,,,,,,,,,,,,,,,,
,2016,5,7,31.2,23.4,3.2,2.2,74,71,3.2,,290.79,,,,,,,,,,,,,,,,,,,,,,,,,
,2016,5,8,33.6,22.5,0,5,74,59,8.8,,504.45,,,,,,,,,,,,,,,,,,,,,,,,,
,2016,5,9,35.8,26.2,0,3,73,68,5.5,,368.48,,,,,,,,,,,,,,,,,,,,,,,,,
,2016,5,10,36.6,24.8,0,4,69,54,7.2,,420.28,,,,,,,,,,,,,,,,,,,,,,,,,
,2016,5,11,36.6,25.6,0,5,69,54,9.1,,481.79,,,,,,,,,,,,,,,,,,,,,,,,,
,2016,5,12,36.4,26.4,31.4,,63,76,5.2,,355.53,,,,,,,,,,,,,,,,,,,,,,,,,
,2016,5,13,31.2,21.8,94.6,,79,76,2.8,,277.84,,,,,,,,,,,,,,,,,,,,,,,,,
,2016,5,14,32.6,22.2,0,4,83,70,5.6,,368.48,,,,,,,,,,,,,,,,,,,,,,,,,
,2016,5,15,34,27.2,0,5,84,70,7.2,,420.28,,,,,,,,,,,,,,,,,,,,,,,,,
,2016,5,16,34.8,24.2,0,6,73,64,10.1,,514.16,,,,,,,,,,,,,,,,,,,,,,,,,
,2016,5,17,35.2,28.2,0,7,77,59,9.8,,504.45,,,,,,,,,,,,,,,,,,,,,,,,,
,2016,5,18,32.8,26.8,12.4,4.4,76,69,4.4,,329.64,,,,,,,,,,,,,,,,,,,,,,,,,
,2016,5,19,28.4,23.2,0,3,100,87,2.2,,258.42,,,,,,,,,,,,,,,,,,,,,,,,,
,2016,5,20,30.2,24,50,1,83,90,3,,284.31,,,,,,,,,,,,,,,,,,,,,,,,,
,2016,5,21,30.2,23.4,0.6,1.6,100,76,nil,,187.2,,,,,,,,,,,,,,,,,,,,,,,,,
,2016,5,22,31.4,24.2,0,4,100,76,5.4,,362.01,,,,,,,,,,,,,,,,,,,,,,,,,
,2016,5,23,34.4,26.4,0,5,77,70,8.6,,460.6,,,,,,,,,,,,,,,,,,,,,,,,,
,2016,5,24,34.4,27.2,10,5,77,79,4.4,,329.64,,,,,,,,,,,,,,,,,,,,,,,,,
,2016,5,25,33.5,23.2,13.8,4.8,100,70,6.2,,387.91,,,,,,,,,,,,,,,,,,,,,,,,,
,2016,5,26,34.6,21.2,29,,76,63,6.4,,394.38,,,,,,,,,,,,,,,,,,,,,,,,,
,2016,5,27,33,22.2,38,,75,100,nil,,187.2,,,,,,,,,,,,,,,,,,,,,,,,,
,2016,5,28,33.6,22,40.2,,100,91,1.6,,238.99,,,,,,,,,,,,,,,,,,,,,,,,,
,2016,5,29,32.5,25.4,16.4,4.4,87,77,2.1,,255.18,,,,,,,,,,,,,,,,,,,,,,,,,
,2016,5,30,32.8,25.2,2.4,5.4,84,69,6.2,,387.91,,,,,,,,,,,,,,,,,,,,,,,,,
,2016,5,31,33.8,24.2,16.6,4.6,91,91,3.6,,303.74,,,,,,,,,,,,,,,,,,,,,,,,,
,2016,6,1,32.4,24.2,0,3,79,77,4.8,,344.59,,,,,,,,,,,,,,,,,,,,,,,,,
,2016,6,2,35,25.6,0,5,69,64,10.1,,315.07,,,,,,,,,,,,,,,,,,,,,,,,,
,2016,6,3,35,27,0,7,70,64,10.2,,518.29,,,,,,,,,,,,,,,,,,,,,,,,,
,2016,6,4,35.6,27.6,0,7,74,59,9.4,,492.56,,,,,,,,,,,,,,,,,,,,,,,,,
,2016,6,5,34.6,27.2,0,7,69,64,5.8,,376.76,,,,,,,,,,,,,,,,,,,,,,,,,
,2016,6,6,34,27.3,3.2,6.2,70,64,2.2,,260.96,,,,,,,,,,,,,,,,,,,,,,,,,
,2016,6,7,30.6,26.4,32,2,84,100,1.4,,235.23,,,,,,,,,,,,,,,,,,,,,,,,,
,2016,6,8,32.5,22.8,0,4,83,77,6.4,,396.06,,,,,,,,,,,,,,,,,,,,,,,,,
,2016,6,9,32.2,26.8,0,5,87,64,4.4,,331.73,,,,,,,,,,,,,,,,,,,,,,,,,
,2016,6,10,34.7,26.7,2.4,4.4,76,64,4.8,,344.59,,,,,,,,,,,,,,,,,,,,,,,,,
,2016,6,11,33.8,28.8,30.2,6.2,77,100,nil,,190.2,,,,,,,,,,,,,,,,,,,,,,,,,
,2016,6,12,30,24.4,23.2,,100,83,nil,,190.2,,,,,,,,,,,,,,,,,,,,,,,,,
,2016,6,13,31.2,22.2,0,4,83,76,1.2,,228.79,,,,,,,,,,,,,,,,,,,,,,,,,
,2016,6,14,31.8,25.2,0,3,91,77,1.4,,235.23,,,,,,,,,,,,,,,,,,,,,,,,,
,2016,6,15,32.6,26.8,1.4,3.4,84,77,2.2,,260.96,,,,,,,,,,,,,,,,,,,,,,,,,
,2016,6,16,33.5,26.8,13.6,8.6,84,70,5.8,,376.76,,,,,,,,,,,,,,,,,,,,,,,,,
,2016,6,17,33,26.6,1,6,76,64,7.8,,441.09,,,,,,,,,,,,,,,,,,,,,,,,,
,2016,6,18,33.4,26,0,5,76,70,6.4,,369.06,,,,,,,,,,,,,,,,,,,,,,,,,
,2016,6,19,33.6,26.8,2.4,5.4,77,70,9.2,,486.12,,,,,,,,,,,,,,,,,,,,,,,,,
,2016,6,20,34.6,27.4,0,6.7,69,70,6.2,,389.63,,,,,,,,,,,,,,,,,,,,,,,,,
,2016,6,21,35,27.8,2.2,5.2,76,71,2.8,,280.26,,,,,,,,,,,,,,,,,,,,,,,,,
,2016,6,22,33.5,27.6,18,5,76,70,nil,,190.2,,,,,,,,,,,,,,,,,,,,,,,,,
,2016,6,23,32.6,25.8,0.2,2.2,91,77,2.4,,267.39,,,,,,,,,,,,,,,,,,,,,,,,,
,2016,6,24,34.2,27.2,3,5,77,69,3.1,,289.91,,,,,,,,,,,,,,,,,,,,,,,,,
,2016,6,25,34,26.2,0,,84,70,3.4,,299.56,,,,,,,,,,,,,,,,,,,,,,,,,
,2016,6,26,35.4,27.4,6.8,,77,64,6.2,,389.63,,,,,,,,,,,,,,,,,,,,,,,,,
,2016,6,27,34,27.2,0,2,69,64,8.4,,460.39,,,,,,,,,,,,,,,,,,,,,,,,,
,2016,6,28,34.6,28,0,5,77,70,8.8,,473.26,,,,,,,,,,,,,,,,,,,,,,,,,
,2016,6,29,34.8,28.2,0,4,77,64,7.2,,421.79,,,,,,,,,,,,,,,,,,,,,,,,,
,2016,6,30,34.5,28.4,0,5,77,64,5.4,,363.89,,,,,,,,,,,,,,,,,,,,,,,,,
,2016,7,1,32.4,28,0,5,77,64,3.6,9.9,303.62,,,,,,,,,,,,,,,,,,,,,,,,,
,2016,7,2,32.2,24.6,31.6,1.6,84,70,0,13.5,188.2,,,,,,,,,,,,,,,,,,,,,,,,,
,2016,7,3,31,25.2,16,1,100,100,0.6,12.9,207.43,,,,,,,,,,,,,,,,,,,,,,,,,
,2016,7,4,30.5,25.6,18,3,91,83,0.8,12.7,213.85,,,,,,,,,,,,,,,,,,,,,,,,,
,2016,7,5,29.8,25.4,66.4,0,100,100,0,13.5,188.2,,,,,,,,,,,,,,,,,,,,,,,,,
,2016,7,6,31.4,24.6,0.6,0,100,76,2.4,11.1,265.15,,,,,,,,,,,,,,,,,,,,,,,,,
,2016,7,7,32.4,24.2,1.8,0,83,77,4.4,9.1,329.28,,,,,,,,,,,,,,,,,,,,,,,,,
,2016,7,8,34.6,25.8,0,2,84,70,7.6,5.9,431.88,,,,,,,,,,,,,,,,,,,,,,,,,
,2016,7,9,33.2,27.2,0,5,76,70,6.6,6.9,399.82,,,,,,,,,,,,,,,,,,,,,,,,,
,2016,7,10,32.6,27,2,5,76,77,7.2,6.3,,,,,,,,,,,,,,,,,,,,,,,,,,
,2016,7,11,33.6,27.2,7.4,1.4,83,64,7.3,6.2,422.26,,,,,,,,,,,,,,,,,,,,,,,,,
,2016,7,12,30.7,26.4,18.6,0,83,100,1.8,11.7,245.91,,,,,,,,,,,,,,,,,,,,,,,,,
,2016,7,13,31.5,26.2,8.2,0,83,92,4.6,8.9,335.69,,,,,,,,,,,,,,,,,,,,,,,,,
,2016,7,14,33.4,26.8,0,3,84,77,6.8,6.7,406.23,,,,,,,,,,,,,,,,,,,,,,,,,
,2016,7,15,32.8,27.8,31.6,3.6,92,92,4.8,8.7,342.1,,,,,,,,,,,,,,,,,,,,,,,,,
,2016,7,16,30.2,25.2,5.4,1.4,100,91,0,13.5,188.2,,,,,,,,,,,,,,,,,,,,,,,,,
,2016,7,17,33,25.4,37.8,0,83,69,3.6,9.9,303.62,,,,,,,,,,,,,,,,,,,,,,,,,
,2016,7,18,30.7,25,15.4,0,83,84,0,13.5,188.2,,,,,,,,,,,,,,,,,,,,,,,,,
,2016,7,19,30.5,26,0,2,100,83,1.2,12.3,266.67,,,,,,,,,,,,,,,,,,,,,,,,,
,2016,7,20,31.4,26.6,0,2,91,83,0.4,13.1,201.02,,,,,,,,,,,,,,,,,,,,,,,,,
,2016,7,21,32,28,0,3,84,76,2.8,10.7,277.97,,,,,,,,,,,,,,,,,,,,,,,,,
,2016,7,22,31.8,24.8,38.8,0.8,91,83,1.4,12.1,233.08,,,,,,,,,,,,,,,,,,,,,,,,,
,2016,7,23,29.7,25.2,0.4,3.4,82,100,0,13.5,188.2,,,,,,,,,,,,,,,,,,,,,,,,,
,2016,7,24,31.8,25,0,4,83,76,3.8,9.7,310.04,,,,,,,,,,,,,,,,,,,,,,,,,
,2016,7,25,31.2,25.8,17.4,1.4,91,76,2.3,11.2,261.94,,,,,,,,,,,,,,,,,,,,,,,,,
,2016,7,26,29.6,24.4,1.2,3.2,83,91,4.8,8.7,342.1,,,,,,,,,,,,,,,,,,,,,,,,,
,2016,7,27,32.6,25.2,0,5,76,69,4.6,8.9,335.69,,,,,,,,,,,,,,,,,,,,,,,,,
,2016,7,28,32.4,27.4,0,3,83,77,3.6,9.9,303.62,,,,,,,,,,,,,,,,,,,,,,,,,
,2016,7,29,33.2,25.6,24,4,84,69,2.8,10.7,277.97,,,,,,,,,,,,,,,,,,,,,,,,,
,2016,7,30,33.6,24.8,24.4,4,83,70,5.4,8.1,361.34,,,,,,,,,,,,,,,,,,,,,,,,,
,2016,7,31,33.8,24.6,3.6,5.6,91,70,9.4,4.1,489.59,,,,,,,,,,,,,,,,,,,,,,,,,
,2016,8,1,34.2,25.8,7.6,5.6,83,69,9.2,3.7,484.76,,,,,,,,,,,,,,,,,,,,,,,,,
,2016,8,2,33.4,26.4,6.2,5.2,76,70,7.8,5.1,438.93,,,,,,,,,,,,,,,,,,,,,,,,,
,2016,8,3,33.6,25.8,0,7,76,67,11.2,1.7,550.23,,,,,,,,,,,,,,,,,,,,,,,,,
,2016,8,4,35.2,28,0,7,69,70,8.6,4.3,465.11,,,,,,,,,,,,,,,,,,,,,,,,,
,2016,8,5,35,27.2,0,6,76,64,9.6,3.3,497.85,,,,,,,,,,,,,,,,,,,,,,,,,
,2016,8,6,35.3,27.4,5.2,4.2,83,79,4.2,8.7,321.08,,,,,,,,,,,,,,,,,,,,,,,,,
,2016,8,7,32,26.4,3.2,2.2,76,77,8.4,4.5,458.57,,,,,,,,,,,,,,,,,,,,,,,,,
,2016,8,8,32.4,26.7,0,6,76,70,7.6,5.3,432.38,,,,,,,,,,,,,,,,,,,,,,,,,
,2016,8,9,33,27,7.6,2.6,76,76,4.2,8.7,321.08,,,,,,,,,,,,,,,,,,,,,,,,,
,2016,8,10,31,25.2,13.8,0,91,91,1.2,11.7,222.88,,,,,,,,,,,,,,,,,,,,,,,,,
,2016,8,11,34,25.6,7.8,3,83,100,6.1,6.8,383.28,,,,,,,,,,,,,,,,,,,,,,,,,
,2016,8,12,32.2,26.8,0,4,83,70,8.8,4.1,471.66,,,,,,,,,,,,,,,,,,,,,,,,,
,2016,8,13,33.5,27.8,0.6,3.6,84,77,2.7,10.2,271.98,,,,,,,,,,,,,,,,,,,,,,,,,
,2016,8,14,33.4,28.4,0,2,96,77,3.8,9.1,307.99,,,,,,,,,,,,,,,,,,,,,,,,,
,2016,8,15,32.6,28.2,2.8,4.8,92,67,9.6,3.3,497.85,,,,,,,,,,,,,,,,,,,,,,,,,
,2016,8,16,36.6,27.8,8.6,4.6,83,64,5.4,7.5,3660.36,,,,,,,,,,,,,,,,,,,,,,,,,
,2016,8,17,34.7,25.2,0.2,5.2,73,72,4.6,8.3,334.18,,,,,,,,,,,,,,,,,,,,,,,,,
,2016,8,18,31.5,27.4,8,4,80,92,3.7,9.2,304.71,,,,,,,,,,,,,,,,,,,,,,,,,
,2016,8,19,31.6,26.4,0,4,84,70,5.8,7.1,373.46,,,,,,,,,,,,,,,,,,,,,,,,,
,2016,8,20,33.7,27.6,1.8,0.8,84,77,1.2,11.7,322.88,,,,,,,,,,,,,,,,,,,,,,,,,
,2016,8,21,33.8,28.4,9.6,2.6,92,83,3.1,9.8,285.7,,,,,,,,,,,,,,,,,,,,,,,,,
,2016,8,22,31,23.6,0,5,72,77,8.7,4.2,468.39,,,,,,,,,,,,,,,,,,,,,,,,,
,2016,8,23,32.5,26,0,4,76,70,6.2,6.7,386.55,,,,,,,,,,,,,,,,,,,,,,,,,
,2016,8,24,33.4,28,0,5,70,64,7.4,5.5,425.83,,,,,,,,,,,,,,,,,,,,,,,,,
,2016,8,25,34.8,27.6,32,4,77,65,9.2,3.7,484.76,,,,,,,,,,,,,,,,,,,,,,,,,
,2016,8,26,35.4,28.4,0,2,77,76,0.8,12.1,209.78,,,,,,,,,,,,,,,,,,,,,,,,,
,2016,8,27,32.8,26.8,6.8,3.8,83,64,7.2,5.7,419.29,,,,,,,,,,,,,,,,,,,,,,,,,
,2016,8,28,37,24.6,1.2,3.2,95,77,4.2,8.7,468.39,,,,,,,,,,,,,,,,,,,,,,,,,
,2016,8,29,32.4,24.8,0.4,3.4,76,70,4.8,8.1,340.72,,,,,,,,,,,,,,,,,,,,,,,,,
,2016,8,30,34.4,28.2,0.8,2.8,80,84,4.3,8.6,324.35,,,,,,,,,,,,,,,,,,,,,,,,,
,2016,8,31,34.5,27.8,5.2,4.2,87,80,2.2,10.7,355.61,,,,,,,,,,,,,,,,,,,,,,,,,
,2016,9,1,34,27.2,4.4,3.4,76,76,3.6,8.6,270.26,,,,,,,,,,,,,,,,,,,,,,,,,
,2016,9,2,32.2,27.4,121.8,0,80,83,0,12.2,161,,,,,,,,,,,,,,,,,,,,,,,,,
,2016,9,3,33.7,25.6,0,3,96,84,5.4,6.8,324.9,,,,,,,,,,,,,,,,,,,,,,,,,
,2016,9,4,32,26.6,7.6,4.6,83,80,4.8,7.4,306.69,,,,,,,,,,,,,,,,,,,,,,,,,
,2016,9,5,34.3,26.2,12.4,4.4,83,70,4.2,8,288.48,,,,,,,,,,,,,,,,,,,,,,,,,
,2016,9,6,32.5,26.8,2.4,3.4,91,84,5.3,6.9,321.86,,,,,,,,,,,,,,,,,,,,,,,,,
,2016,9,7,32.4,25.8,0.2,3.2,87,77,6.8,5.4,367.39,,,,,,,,,,,,,,,,,,,,,,,,,
,2016,9,8,32.6,27,15.6,4.6,84,70,6.4,5.8,355.25,,,,,,,,,,,,,,,,,,,,,,,,,
,2016,9,9,33.4,25.6,0,4,77,64,4.5,7.7,297.58,,,,,,,,,,,,,,,,,,,,,,,,,
,2016,9,10,35.5,27.2,5,2,83,83,1.4,10.8,203.49,,,,,,,,,,,,,,,,,,,,,,,,,
,2016,9,11,32,27,1.6,2.6,80,70,1.6,10.6,209.56,,,,,,,,,,,,,,,,,,,,,,,,,
,2016,9,12,32,26.8,0,4,77,77,1.4,10.8,203.49,,,,,,,,,,,,,,,,,,,,,,,,,
,2016,9,13,33,24.6,17.6,0,84,91,0,12.2,161,,,,,,,,,,,,,,,,,,,,,,,,,
,2016,9,14,32.4,24.2,0,3,83,76,2.4,9.8,233.84,,,,,,,,,,,,,,,,,,,,,,,,,
,2016,9,15,31.2,26,0,5,84,67,7.2,5,379.53,,,,,,,,,,,,,,,,,,,,,,,,,
,2016,9,16,33.2,27,33.8,0,81,83,4.6,7.6,300.62,,,,,,,,,,,,,,,,,,,,,,,,,
,2016,9,17,33.8,25.8,2.6,0,77,70,6.8,5.4,367.39,,,,,,,,,,,,,,,,,,,,,,,,,
,2016,9,18,34.2,25.6,31.8,0,77,77,3.4,8.8,264.19,,,,,,,,,,,,,,,,,,,,,,,,,
,2016,9,19,34,25.2,31.2,0,100,91,0,12.2,161.1,,,,,,,,,,,,,,,,,,,,,,,,,
,2016,9,20,27.8,24.8,3,0,100,87,1,10.8,203.49,,,,,,,,,,,,,,,,,,,,,,,,,
,2016,9,21,30.4,24.6,6.4,0,84,84,3.4,8.8,264.19,,,,,,,,,,,,,,,,,,,,,,,,,
,2016,9,22,33,25.4,0,3,91,70,6.7,5.5,364.36,,,,,,,,,,,,,,,,,,,,,,,,,
,2016,9,23,34,26.4,0,4,76,77,7.4,4.4,385.6,,,,,,,,,,,,,,,,,,,,,,,,,
,2016,9,24,33.5,26.6,16.6,3.6,76,77,3.4,8.8,264.19,,,,,,,,,,,,,,,,,,,,,,,,,
,2016,9,25,32.4,25.2,18.4,5.4,80,100,2.6,9.6,239.91,,,,,,,,,,,,,,,,,,,,,,,,,
,2016,9,26,31.6,25.6,30.2,3.2,83,80,3.4,8.8,264.19,,,,,,,,,,,,,,,,,,,,,,,,,
,2016,9,27,32.4,24.8,0,3,83,69,4.8,7.4,306.69,,,,,,,,,,,,,,,,,,,,,,,,,
,2016,9,28,33.4,27.2,0,2,87,77,0,12.2,161,,,,,,,,,,,,,,,,,,,,,,,,,
,2016,9,29,31.5,26.8,0,4,84,70,7.2,5,379.53,,,,,,,,,,,,,,,,,,,,,,,,,
,2016,9,30,33.5,26.7,0,2,77,70,6.3,5.9,352.22,,,,,,,,,,,,,,,,,,,,,,,,,
,2016,10,1,35,24,0,2,91,62,4.8,6.7,383.02,,,,,,,,,,,,,,,,,,,,,,,,,
,2016,10,2,34.6,25.5,0,2,87,70,1.2,10.3,179.05,,,,,,,,,,,,,,,,,,,,,,,,,
,2016,10,3,34.2,27,0,2,77,65,7.6,3.9,346.32,,,,,,,,,,,,,,,,,,,,,,,,,
,2016,10,4,36.6,27.8,1,6,77,65,7.3,4.2,355.22,,,,,,,,,,,,,,,,,,,,,,,,,
,2016,10,5,32.4,26,0.2,2.2,91,75,3.6,7.9,248.36,,,,,,,,,,,,,,,,,,,,,,,,,
,2016,10,6,32.6,25.8,19.6,3.6,91,77,3.4,8.1,242.69,,,,,,,,,,,,,,,,,,,,,,,,,
,2016,10,7,31.8,25.2,0,2,100,88,2.3,9.2,210.82,,,,,,,,,,,,,,,,,,,,,,,,,
,2016,10,8,33,25.4,7.2,2.2,76,84,1.3,10.2,181.94,,,,,,,,,,,,,,,,,,,,,,,,,
,2016,10,9,30.8,26.2,26.2,0,83,83,2.2,9.3,207.93,,,,,,,,,,,,,,,,,,,,,,,,,
,2016,10,10,31.7,25.8,3,0,80,76,3.2,8.3,236.81,,,,,,,,,,,,,,,,,,,,,,,,,
,2016,10,11,29.4,24.4,4.4,0,95,91,0.8,10.7,167.5,,,,,,,,,,,,,,,,,,,,,,,,,
,2016,10,12,30.6,23.2,1.6,0,100,76,3.4,8.1,242.59,,,,,,,,,,,,,,,,,,,,,,,,,
,2016,10,13,33,24.4,0,3,83,73,2.3,9.2,210.82,,,,,,,,,,,,,,,,,,,,,,,,,
,2016,10,14,33.2,24.8,0,4,87,56,9.6,1.9,421.64,,,,,,,,,,,,,,,,,,,,,,,,,
,2016,10,15,34.4,24.6,0,4,63,63,6.6,4.9,335,,,,,,,,,,,,,,,,,,,,,,,,,
,2016,10,16,35,25.2,0,5,69,64,10.2,1.3,438.97,,,,,,,,,,,,,,,,,,,,,,,,,
,2016,10,17,36.2,25.4,0,4,69,71,9.2,2.3,410.09,,,,,,,,,,,,,,,,,,,,,,,,,
,2016,10,18,35.5,26.8,0,5,77,64,8.3,3.2,384.1,,,,,,,,,,,,,,,,,,,,,,,,,
,2016,10,19,35.8,26.4,0,3,73,59,10.2,1.3,438.97,,,,,,,,,,,,,,,,,,,,,,,,,
,2016,10,20,35.4,25.2,0,5,62,52,10.1,1.4,436.08,,,,,,,,,,,,,,,,,,,,,,,,,
,2016,10,21,34.2,24.6,0,4,59,52,9.2,2.3,410.09,,,,,,,,,,,,,,,,,,,,,,,,,
,2016,10,22,33.2,23.8,0,3,56,56,8.2,3.3,381.21,,,,,,,,,,,,,,,,,,,,,,,,,
,2016,10,23,33.6,23,0,4,64,45,10.2,1.3,438.97,,,,,,,,,,,,,,,,,,,,,,,,,
,2016,10,24,33.5,22.8,0,4,71,57,9.6,1.9,421.64,,,,,,,,,,,,,,,,,,,,,,,,,
,2016,10,25,34,23.4,0,4,72,59,8.3,3.2,384.1,,,,,,,,,,,,,,,,,,,,,,,,,
,2016,10,26,33.5,23.7,10.8,0.8,62,63,4.2,7.3,265.69,,,,,,,,,,,,,,,,,,,,,,,,,
,2016,10,27,29.2,23.4,27.2,3.2,100,63,1.8,9.7,496.38,,,,,,,,,,,,,,,,,,,,,,,,,
,2016,10,28,29.8,23.6,2.6,3.6,83,76,4.6,6.9,277.24,,,,,,,,,,,,,,,,,,,,,,,,,
,2016,10,29,31,24.6,0,4,91,69,4.3,7.2,268.58,,,,,,,,,,,,,,,,,,,,,,,,,
,2016,10,30,32.6,24.8,0,3,76,69,6.2,5.3,323.45,,,,,,,,,,,,,,,,,,,,,,,,,
,2016,10,31,33.4,25.4,0,3,76,63,5.3,6.2,297.46,,,,,,,,,,,,,,,,,,,,,,,,,
,2016,11,1,33.8,25.4,0,3,72,63,8.4,2.5,336.02,,,,,,,,,,,,,,,,,,,,,,,,,
,2016,11,2,33.9,25.2,0,4,69,63,9.6,1.3,366.71,,,,,,,,,,,,,,,,,,,,,,,,,
,2016,11,3,34.5,25.4,0,2,66,63,4.6,6.3,238.84,,,,,,,,,,,,,,,,,,,,,,,,,
,2016,11,4,26,25,2.4,1.4,86,86,0,10.9,121.2,,,,,,,,,,,,,,,,,,,,,,,,,
,2016,11,5,25,23.4,8.2,0.2,90,95,0,10.9,121.2,,,,,,,,,,,,,,,,,,,,,,,,,
,2016,11,6,25.2,19.4,0.6,1.6,85,81,0,10.9,121.2,,,,,,,,,,,,,,,,,,,,,,,,,
,2016,11,7,27.8,22.4,0,1,82,82,3.2,7.7,203.03,,,,,,,,,,,,,,,,,,,,,,,,,
,2016,11,8,30,20.2,0,2,74,63,5.4,5.5,259.3,,,,,,,,,,,,,,,,,,,,,,,,,
,2016,11,9,31.5,20.6,0,3,74,57,7.6,3.3,315.56,,,,,,,,,,,,,,,,,,,,,,,,,
,2016,11,10,31.6,20.4,0,3,61,55,7.8,3.1,320.67,,,,,,,,,,,,,,,,,,,,,,,,,
,2016,11,11,31.2,20.2,0,2,67,61,6.2,4.7,279.76,,,,,,,,,,,,,,,,,,,,,,,,,
,2016,11,12,31,19.2,0,1,74,57,7.4,3.5,310.44,,,,,,,,,,,,,,,,,,,,,,,,,
,2016,11,13,31.7,19.8,0,3,63,55,7.6,3.3,315.56,,,,,,,,,,,,,,,,,,,,,,,,,
,2016,11,14,31.4,20.6,0,3,63,42,8.6,2.3,341.13,,,,,,,,,,,,,,,,,,,,,,,,,
,2016,11,15,30.8,19.4,0,4,62,47,8.2,2.7,330.9,,,,,,,,,,,,,,,,,,,,,,,,,
,2016,11,16,32,19.2,0,4,66,57,9.4,1.5,361.59,,,,,,,,,,,,,,,,,,,,,,,,,
,2016,11,17,32.4,18.6,0,3,59,50,8.6,2.3,341.13,,,,,,,,,,,,,,,,,,,,,,,,,
,2016,11,18,30.8,18.2,0,2,59,55,8.2,2.7,330.9,,,,,,,,,,,,,,,,,,,,,,,,,
,2016,11,19,30.6,17.8,0,4,62,55,9.2,1.7,356.48,,,,,,,,,,,,,,,,,,,,,,,,,
,2016,11,20,30.2,17.4,0,0,66,60,8.6,2.3,341.13,,,,,,,,,,,,,,,,,,,,,,,,,
,2016,11,21,29.4,16.4,0,2,73,51,8.5,2.4,338.58,,,,,,,,,,,,,,,,,,,,,,,,,
,2016,11,22,29,16.2,0,2,73,56,8.2,2.7,330.9,,,,,,,,,,,,,,,,,,,,,,,,,
,2016,11,23,29.6,16.2,0,2,73,54,8.2,2.7,330.9,,,,,,,,,,,,,,,,,,,,,,,,,
,2016,11,24,28.6,16.4,0,2,73,60,7.4,3.5,310.44,,,,,,,,,,,,,,,,,,,,,,,,,
,2016,11,25,28.9,17,0,2,74,60,6.6,4.3,389.99,,,,,,,,,,,,,,,,,,,,,,,,,
,2016,11,26,29.2,17.2,0,2,73,54,6.4,4.5,284.87,,,,,,,,,,,,,,,,,,,,,,,,,
,2016,11,27,29.1,17.4,0,3,78,54,8.1,2.8,328.35,,,,,,,,,,,,,,,,,,,,,,,,,
,2016,11,28,29.5,17.7,0,1,74,57,7.6,3.3,315.56,,,,,,,,,,,,,,,,,,,,,,,,,
,2016,11,29,29.4,17.8,0,1,81,67,5.7,5.2,266.97,,,,,,,,,,,,,,,,,,,,,,,,,
,2016,11,30,29.5,17.4,0,2,78,61,8.7,2.2,343.69,,,,,,,,,,,,,,,,,,,,,,,,,
,2016,12,1,29.6,17.2,0,2,82,54,6.4,4.2,363.23,,,,,,,,,,,,,,,,,,,,,,,,,
,2016,12,2,29.4,17.8,0,2,73,61,7.2,3.4,282.36,,,,,,,,,,,,,,,,,,,,,,,,,
,2016,12,3,30,17.2,0,3,78,54,7.3,3.3,284.75,,,,,,,,,,,,,,,,,,,,,,,,,
,2016,12,4,30.5,17.4,0,3,77,55,7.2,3.4,282.36,,,,,,,,,,,,,,,,,,,,,,,,,
,2016,12,5,30.2,18.4,0,2,90,57,7.4,3.2,287.14,,,,,,,,,,,,,,,,,,,,,,,,,
,2016,12,6,29.5,17.2,0,2,90,60,8.4,2.2,311.05,,,,,,,,,,,,,,,,,,,,,,,,,
,2016,12,7,30.5,15.2,0,3,81,49,8.5,2.1,313.44,,,,,,,,,,,,,,,,,,,,,,,,,
,2016,12,8,30.2,14.8,0,2,72,47,8.4,2.2,311.05,,,,,,,,,,,,,,,,,,,,,,,,,
,2016,12,9,28,15.6,0,2,69,46,5.2,5.4,234.53,,,,,,,,,,,,,,,,,,,,,,,,,
,2016,12,10,28.4,14.8,0,2,100,49,8,2.6,301.49,,,,,,,,,,,,,,,,,,,,,,,,,
,2016,12,11,28.8,15,0,2,85,53,8.4,2.2,311.05,,,,,,,,,,,,,,,,,,,,,,,,,
,2016,12,12,27.4,15.2,0,2,75,53,6.8,3.8,272.79,,,,,,,,,,,,,,,,,,,,,,,,,
,2016,12,13,26.8,15,0,2,70,55,5.4,5.2,239.32,,,,,,,,,,,,,,,,,,,,,,,,,
,2016,12,14,25.8,14.8,0,2,79,62,3.8,6.8,201.06,,,,,,,,,,,,,,,,,,,,,,,,,
,2016,12,15,26.2,14.6,0,1,79,62,3.6,7,196.28,,,,,,,,,,,,,,,,,,,,,,,,,
,2016,12,16,27.4,14.8,0,1,79,59,4,6.6,205.84,,,,,,,,,,,,,,,,,,,,,,,,,
,2016,12,17,27,14.6,0,2,84,62,4.2,6.4,210.62,,,,,,,,,,,,,,,,,,,,,,,,,
,2016,12,18,27.6,15.8,0,2,84,63,3.8,6.8,201.06,,,,,,,,,,,,,,,,,,,,,,,,,
,2016,12,19,27,15.6,0,1,89,66,4.8,5.8,224.97,,,,,,,,,,,,,,,,,,,,,,,,,
,2016,12,20,27.4,16.6,0,2,75,52,5.3,5.3,236.93,,,,,,,,,,,,,,,,,,,,,,,,,
,2016,12,21,26.7,15.2,0,2,79,50,5.4,5.2,239.32,,,,,,,,,,,,,,,,,,,,,,,,,
,2016,12,22,27.6,16.2,0,1,80,63,3.8,6.8,201.06,,,,,,,,,,,,,,,,,,,,,,,,,
,2016,12,23,28.6,17.2,0,2,79,60,4.2,6.4,210.62,,,,,,,,,,,,,,,,,,,,,,,,,
,2016,12,24,28.4,16.8,0,1,89,64,5.4,5.2,239.32,,,,,,,,,,,,,,,,,,,,,,,,,
,2016,12,25,28.6,17.6,0,1,90,66,3.4,7.2,191.49,,,,,,,,,,,,,,,,,,,,,,,,,
,2016,12,26,27.6,17.8,0,1,90,66,2.4,8.2,167.58,,,,,,,,,,,,,,,,,,,,,,,,,
,2016,12,27,27.5,16.4,0,2,90,55,6.2,4.4,258.45,,,,,,,,,,,,,,,,,,,,,,,,,
,2016,12,28,26.2,15.8,0,2,94,73,6.4,4.2,263.23,,,,,,,,,,,,,,,,,,,,,,,,,
,2016,12,29,27.7,15,0,1,89,56,5.5,5.1,241.71,,,,,,,,,,,,,,,,,,,,,,,,,
,2016,12,30,26.2,15.2,0,2,95,66,2.8,7.8,177.15,,,,,,,,,,,,,,,,,,,,,,,,,
,2016,12,31,27.4,13.8,0,1,100,53,5.2,5.4,234.53,,,,,,,,,,,,,,,,,,,,,,,,,
,2017,1,1,27,14,0,1,94,59,4.8,5.9,234.26,,,,,,,,,,,,,,,,,,,,,,,,,
,2017,1,2,29.2,14,0,2,100,60,6.5,4.2,276.63,,,,,,,,,,,,,,,,,,,,,,,,,
,2017,1,3,28.4,15,0,1,84,53,5.2,5.5,244.38,,,,,,,,,,,,,,,,,,,,,,,,,
,2017,1,4,28.2,15.2,0,2,88,53,6.8,3.9,284.07,,,,,,,,,,,,,,,,,,,,,,,,,
,2017,1,5,26.8,15.6,0,2,94,73,4.6,6.1,229.5,,,,,,,,,,,,,,,,,,,,,,,,,
,2017,1,6,25.2,14.2,0,1,78,66,4.2,6.5,219.58,,,,,,,,,,,,,,,,,,,,,,,,,
,2017,1,7,26.8,13.8,0,2,94,52,5.4,5.3,249.35,,,,,,,,,,,,,,,,,,,,,,,,,
,2017,1,8,27.6,12.4,0,3,88,46,7.8,2.9,308.88,,,,,,,,,,,,,,,,,,,,,,,,,
,2017,1,9,28.4,12.8,0,2,84,52,6.5,4.2,276.63,,,,,,,,,,,,,,,,,,,,,,,,,
,2017,1,10,25.7,13,0,3,79,49,3.6,7.1,204.7,,,,,,,,,,,,,,,,,,,,,,,,,
,2017,1,11,25.6,13.6,0,2,88,57,7.2,3.5,202.21,,,,,,,,,,,,,,,,,,,,,,,,,
,2017,1,12,25.4,14.2,0,4,78,38,8.2,2.5,318.8,,,,,,,,,,,,,,,,,,,,,,,,,
,2017,1,13,24.4,11.5,0,3,61,38,7.8,2.9,308.88,,,,,,,,,,,,,,,,,,,,,,,,,
,2017,1,14,24.7,9.4,0,3,63,42,7.7,3,306.4,,,,,,,,,,,,,,,,,,,,,,,,,
,2017,1,15,26.4,10.4,0,2,77,48,7.2,3.5,294,,,,,,,,,,,,,,,,,,,,,,,,,
,2017,1,16,26,12.4,0,3,87,47,7.4,3.3,298.96,,,,,,,,,,,,,,,,,,,,,,,,,
,2017,1,17,26.5,9.4,0,2,69,45,5.8,4.9,259.57,,,,,,,,,,,,,,,,,,,,,,,,,
,2017,1,18,27.5,12.2,0,2,77,45,7.8,2.9,308.88,,,,,,,,,,,,,,,,,,,,,,,,,
,2017,1,19,28.2,13.4,0,2,84,52,8.2,2.5,318.8,,,,,,,,,,,,,,,,,,,,,,,,,
,2017,1,20,27.8,12.6,0,2,68,53,9.4,1.3,348.57,,,,,,,,,,,,,,,,,,,,,,,,,
,2017,1,21,28.5,10.8,0,3,77,43,7.6,3.1,503.92,,,,,,,,,,,,,,,,,,,,,,,,,
,2017,1,22,29.4,14.8,0,2,83,41,7.4,3.3,298.96,,,,,,,,,,,,,,,,,,,,,,,,,
,2017,1,23,27.8,15.4,0,3,78,53,7.3,3.4,296.48,,,,,,,,,,,,,,,,,,,,,,,,,
,2017,1,24,28.6,14.6,0,3,83,53,7.8,2.9,308.88,,,,,,,,,,,,,,,,,,,,,,,,,
,2017,1,25,29.5,13.8,0,0,89,47,8.2,2.5,326.24,,,,,,,,,,,,,,,,,,,,,,,,,
,2017,1,26,24.8,13.5,0,2,71,41,6.4,4.3,274.15,,,,,,,,,,,,,,,,,,,,,,,,,
,2017,1,27,25.4,17.2,0,2,80,59,6.2,4.5,269.19,,,,,,,,,,,,,,,,,,,,,,,,,
,2017,1,28,27.5,15.6,0,2,79,63,6.4,4.3,274.15,,,,,,,,,,,,,,,,,,,,,,,,,
,2017,1,29,26.8,15.4,0,2,70,52,7.5,3.2,301.44,,,,,,,,,,,,,,,,,,,,,,,,,
,2017,1,30,26.7,14.6,0,3,79,53,7.4,3.3,298.96,,,,,,,,,,,,,,,,,,,,,,,,,
,2017,1,31,27.5,14.6,0,3,84,48,7.3,3.4,296.48,,,,,,,,,,,,,,,,,,,,,,,,,
,2017,2,1,27.8,13.2,0,2,79,53,8.2,3,368.77,,,,,,,,,,,,,,,,,,,,,,,,,
,2017,2,2,27.3,14.2,0,3,79,48,7.4,3.8,346.19,,,,,,,,,,,,,,,,,,,,,,,,,
,2017,2,3,27.2,13.4,0,2,88,53,8.6,2.6,380.05,,,,,,,,,,,,,,,,,,,,,,,,,
,2017,2,4,29.2,15.8,0,2,80,47,9.2,2,396.98,,,,,,,,,,,,,,,,,,,,,,,,,
,2017,2,5,32.3,14.8,0,3,71,42,8.4,2.8,374.41,,,,,,,,,,,,,,,,,,,,,,,,,
,2017,2,6,31.6,16.2,0,3,72,44,7.5,3.7,349.02,,,,,,,,,,,,,,,,,,,,,,,,,
,2017,2,7,31.2,17.2,0,3,72,42,8.6,2.6,380.05,,,,,,,,,,,,,,,,,,,,,,,,,
,2017,2,8,30,16.8,0,4,63,42,9.3,1.9,399.8,,,,,,,,,,,,,,,,,,,,,,,,,
,2017,2,9,29,13.6,0,4,67,41,8.6,2.6,380.05,,,,,,,,,,,,,,,,,,,,,,,,,
,2017,2,10,29.8,13.4,0,3,75,59,7.3,3.9,343.37,,,,,,,,,,,,,,,,,,,,,,,,,
,2017,2,11,28.6,15.6,0,3,80,53,7.6,3.6,351.84,,,,,,,,,,,,,,,,,,,,,,,,,
,2017,2,12,30.8,16.4,0,4,67,36,7.4,3.8,346.19,,,,,,,,,,,,,,,,,,,,,,,,,
,2017,2,13,30.7,18.2,0,4,60,39,7.3,3.9,343.37,,,,,,,,,,,,,,,,,,,,,,,,,
,2017,2,14,30.8,16.3,0,2,67,45,6.8,4.4,329.26,,,,,,,,,,,,,,,,,,,,,,,,,
,2017,2,15,30.6,14.5,0,5,64,44,7.4,3.8,346.19,,,,,,,,,,,,,,,,,,,,,,,,,
,2017,2,16,30.8,18.4,0,4,72,42,7.1,4.1,337.73,,,,,,,,,,,,,,,,,,,,,,,,,
,2017,2,17,31.2,17.8,0,2,80,45,6.2,5,312.33,,,,,,,,,,,,,,,,,,,,,,,,,
,2017,2,18,31.8,18.4,0,3,81,44,6.4,4.8,317.58,,,,,,,,,,,,,,,,,,,,,,,,,
,2017,2,19,30.6,18.2,0,2,80,49,0,11.2,337.4,,,,,,,,,,,,,,,,,,,,,,,,,
,2017,2,20,28.7,19.6,0,2,90,74,1.1,10.1,168.43,,,,,,,,,,,,,,,,,,,,,,,,,
,2017,2,21,31.6,23.2,0,3,78,59,6.7,4.5,326.44,,,,,,,,,,,,,,,,,,,,,,,,,
,2017,2,22,30.8,23.7,0,4.2,82,62,4.6,6.6,267.19,,,,,,,,,,,,,,,,,,,,,,,,,
,2017,2,23,31,22.8,0,5,73,62,5.4,5.8,289.76,,,,,,,,,,,,,,,,,,,,,,,,,
,2017,2,24,30,15,0,5,73,32,9.3,1.9,399.8,,,,,,,,,,,,,,,,,,,,,,,,,
,2017,2,25,29.8,13.8,0,5,68,35,9.4,1.8,402.63,,,,,,,,,,,,,,,,,,,,,,,,,
,2017,2,26,30.2,13.4,0,4,60,36,7.8,3.4,357.48,,,,,,,,,,,,,,,,,,,,,,,,,
,2017,2,27,31.7,14.8,0,6,68,38,8.8,2.4,385.7,,,,,,,,,,,,,,,,,,,,,,,,,
,2017,2,28,31.7,15.2,0,3,65,32,8.7,2.5,382.87,,,,,,,,,,,,,,,,,,,,,,,,,
,2017,3,1,31.8,15,0,4,72,39,7.6,4.2,404.46,,,,,,,,,,,,,,,,,,,,,,,,,
,2017,3,2,34.2,16.2,0,4,65,38,6.8,5,379.04,,,,,,,,,,,,,,,,,,,,,,,,,
,2017,3,3,33.5,23.4,0,3,73,39,4.6,7.2,309.14,,,,,,,,,,,,,,,,,,,,,,,,,
,2017,3,4,30.2,22.2,0,2,81,49,4.2,7.6,296.43,,,,,,,,,,,,,,,,,,,,,,,,,
,2017,3,5,31.4,21.4,7.4,3.4,82,59,7.6,4.2,404.46,,,,,,,,,,,,,,,,,,,,,,,,,
,2017,3,6,30.5,18.8,0,3,81,52,4.8,7,315.5,,,,,,,,,,,,,,,,,,,,,,,,,
,2017,3,7,31.4,19.8,0,3,86,47,4.6,7.2,309.14,,,,,,,,,,,,,,,,,,,,,,,,,
,2017,3,8,29,19.8,0,2,65,60,1.2,10.6,201.12,,,,,,,,,,,,,,,,,,,,,,,,,
,2017,3,9,32.4,18.4,0,4,76,52,4.8,7,315.5,,,,,,,,,,,,,,,,,,,,,,,,,
,2017,3,10,30.2,19.2,18.2,0,81,56,2.4,9.4,239.25,,,,,,,,,,,,,,,,,,,,,,,,,
,2017,3,11,25.6,18.8,7.4,0,95,86,0.4,11.4,175.7,,,,,,,,,,,,,,,,,,,,,,,,,
,2017,3,12,29.5,21.2,0,0,86,62,5.6,6.2,340.91,,,,,,,,,,,,,,,,,,,,,,,,,
,2017,3,13,30,16.6,0,4,91,35,9.4,2.4,461.63,,,,,,,,,,,,,,,,,,,,,,,,,
,2017,3,14,30.2,15.4,0,4,57,39,9.6,2.2,468,,,,,,,,,,,,,,,,,,,,,,,,,
,2017,3,15,30.5,14.8,0,5,50,36,10.2,1.6,487.06,,,,,,,,,,,,,,,,,,,,,,,,,
,2017,3,16,30.8,14.6,0,6,50,39,9.4,2.4,461.64,,,,,,,,,,,,,,,,,,,,,,,,,
,2017,3,17,32.2,15.2,0,5,52,41,7.6,4.2,404.46,,,,,,,,,,,,,,,,,,,,,,,,,
,2017,3,18,29.2,20.2,0.6,3.6,65,61,3.2,8.6,264.66,,,,,,,,,,,,,,,,,,,,,,,,,
,2017,3,19,32,16.8,4,4,81,45,4.9,6.9,318.67,,,,,,,,,,,,,,,,,,,,,,,,,
,2017,3,20,23.6,18,3.4,1.4,89,80,2.6,9.2,245.6,,,,,,,,,,,,,,,,,,,,,,,,,
,2017,3,21,29,16.8,0,4,76,61,8.3,3.5,476.7,,,,,,,,,,,,,,,,,,,,,,,,,
,2017,3,22,31.2,17.6,0,4,73,49,7.4,4.4,398.1,,,,,,,,,,,,,,,,,,,,,,,,,
,2017,3,23,31,20.2,0,7,64,79,1.9,9.9,223.36,,,,,,,,,,,,,,,,,,,,,,,,,
,2017,3,24,32.4,21.4,18.8,0,86,49,2.8,9,251.95,,,,,,,,,,,,,,,,,,,,,,,,,
,2017,3,25,33,16.8,0,0,78,61,3.2,8.6,264.66,,,,,,,,,,,,,,,,,,,,,,,,,
,2017,3,26,31.2,17.8,0,3,82,65,2.6,9.2,245.6,,,,,,,,,,,,,,,,,,,,,,,,,
,2017,3,27,,24.6,0,,91,,,,,,,,,,,,,,,,,,,,,,,,,,,,,
,2017,3,28,,,0,,,,,,,,,,,,,,,,,,,,,,,,,,,,,,,
,2017,3,29,,,0,,,,,,,,,,,,,,,,,,,,,,,,,,,,,,,
,2017,3,30,,,0,,,,,,,,,,,,,,,,,,,,,,,,,,,,,,,
,2017,3,31,,,0,,,,,,,,,,,,,,,,,,,,,,,,,,,,,,,
,2017,4,1,34.2,26.4,0,7,76,58,8.2,4.3,443.05,,,,,,,,,,,,,,,,,,,,,,,,,
,2017,4,2,33.2,25.8,0,5.2,83,63,7.2,5.3,410.55,,,,,,,,,,,,,,,,,,,,,,,,,
,2017,4,3,33.8,26.4,0.8,5.8,83,46,4.2,8.3,313.07,,,,,,,,,,,,,,,,,,,,,,,,,
,2017,4,4,29.5,26.8,1.4,3,81,76,1.3,11.2,218.84,,,,,,,,,,,,,,,,,,,,,,,,,
,2017,4,5,29.8,21.4,24.2,3.2,82,79,0.4,12.1,189.59,,,,,,,,,,,,,,,,,,,,,,,,,
,2017,4,6,30.5,22.2,0,2,86,76,0,12.5,176.6,,,,,,,,,,,,,,,,,,,,,,,,,
,2017,4,7,35.5,19.4,0,5,76,64,6.6,5.9,191.06,,,,,,,,,,,,,,,,,,,,,,,,,
,2017,4,8,34.5,24,0,5,80,64,4.8,7.7,332.57,,,,,,,,,,,,,,,,,,,,,,,,,
,2017,4,9,35.2,25.8,0,5,83,64,5.6,6.9,358.56,,,,,,,,,,,,,,,,,,,,,,,,,
,2017,4,10,37.8,24.8,0,5,76,39,8.8,3.7,462.55,,,,,,,,,,,,,,,,,,,,,,,,,
,2017,4,11,38.8,26.4,0,6,72,40,7.3,5.2,413.8,,,,,,,,,,,,,,,,,,,,,,,,,
,2017,4,12,37.4,25.8,0,5,76,42,6.6,5.9,319.06,,,,,,,,,,,,,,,,,,,,,,,,,
,2017,4,13,38.6,24.6,0,4,55,43,9.2,3.3,475.54,,,,,,,,,,,,,,,,,,,,,,,,,
,2017,4,14,37.2,24.4,0,6,48,40,7.8,4.7,430.05,,,,,,,,,,,,,,,,,,,,,,,,,
,2017,4,15,36.2,23.4,0,5,50,58,7.3,5.2,413.8,,,,,,,,,,,,,,,,,,,,,,,,,
,2017,4,16,33.8,23.2,0,6,69,40,8.6,3.9,456.05,,,,,,,,,,,,,,,,,,,,,,,,,
,2017,4,17,37,21.2,0,6,68,47,9.3,3.2,478.79,,,,,,,,,,,,,,,,,,,,,,,,,
,2017,4,18,35.4,22.4,0,6,72,58,5.3,7.2,348.82,,,,,,,,,,,,,,,,,,,,,,,,,
,2017,4,19,34.2,24.6,20.4,5.4,72,63,3.2,9.3,280.58,,,,,,,,,,,,,,,,,,,,,,,,,
,2017,4,20,29.8,26.4,0,3,82,68,3.3,9.2,283.83,,,,,,,,,,,,,,,,,,,,,,,,,
,2017,4,21,28.4,21.4,13,2,83,64,0,12.5,176.6,,,,,,,,,,,,,,,,,,,,,,,,,
,2017,4,22,24.8,23.4,29.2,2.2,100,95,0,12.5,176.6,,,,,,,,,,,,,,,,,,,,,,,,,
,2017,4,23,27.7,20.8,56.4,4.4,90,91,0,12.5,176.6,,,,,,,,,,,,,,,,,,,,,,,,,
,2017,4,24,28.5,20.2,20.2,4.2,100,90,0,12.5,176.6,,,,,,,,,,,,,,,,,,,,,,,,,
,2017,4,25,33.8,19.2,45.2,,91,74,3.2,9.3,280.58,,,,,,,,,,,,,,,,,,,,,,,,,
,2017,4,26,34.2,20.4,0,,79,67,5.6,6.9,358.56,,,,,,,,,,,,,,,,,,,,,,,,,
,2017,4,27,34.6,20.8,0,,76,64,5.2,7.3,345.57,,,,,,,,,,,,,,,,,,,,,,,,,
,2017,4,28,34.8,27.2,0,,83,67,5.8,6.7,365.06,,,,,,,,,,,,,,,,,,,,,,,,,
,2017,4,29,34.5,22.4,8.2,,59,71,6.7,5.8,394.31,,,,,,,,,,,,,,,,,,,,,,,,,
,2017,4,30,33.8,23.6,12.4,,83,64,4.8,7.7,332.57,,,,,,,,,,,,,,,,,,,,,,,,,
,2017,5,1,34,21.2,30.8,,79,60,7.2,6.1,384.67,,,,,,,,,,,,,,,,,,,,,,,,,
,2017,5,2,32.8,20.4,0,4,74,63,5.8,7.5,374.94,,,,,,,,,,,,,,,,,,,,,,,,,
,2017,5,3,35.6,25.4,0,5,73,71,7.1,6.2,417.04,,,,,,,,,,,,,,,,,,,,,,,,,
,2017,5,4,35.8,22.2,0,6,71,75,7.8,5.5,439.7,,,,,,,,,,,,,,,,,,,,,,,,,
,2017,5,5,36.2,22.6,0,4,62,64,8.2,5.1,752.65,,,,,,,,,,,,,,,,,,,,,,,,,
,2017,5,6,35.5,22.5,0,6,61,58,8.4,4.9,459.13,,,,,,,,,,,,,,,,,,,,,,,,,
,2017,5,7,34.2,22.8,0,5,75,73,9.1,4.2,481.79,,,,,,,,,,,,,,,,,,,,,,,,,
,2017,5,8,35.8,26.8,0,5,73,59,5.4,7.9,462.01,,,,,,,,,,,,,,,,,,,,,,,,,
,2017,5,9,31.6,26.8,18.8,,80,63,4.6,8.7,336.11,,,,,,,,,,,,,,,,,,,,,,,,,
,2017,5,10,33.5,20.6,0,6,70,59,6.4,6.9,394.38,,,,,,,,,,,,,,,,,,,,,,,,,
,2017,5,11,35.6,26.8,0.4,4.4,69,56,5.2,8.1,355.53,,,,,,,,,,,,,,,,,,,,,,,,,
,2017,5,12,34.5,26.4,0.4,4.4,73,65,5.8,7.5,374.96,,,,,,,,,,,,,,,,,,,,,,,,,
,2017,5,13,33.8,27.2,0,5,75,63,6.7,6.6,404.09,,,,,,,,,,,,,,,,,,,,,,,,,
,2017,5,14,33.5,25.2,25.2,5.2,69,70,0.8,12.5,213.09,,,,,,,,,,,,,,,,,,,,,,,,,
,2017,5,15,31.4,22.4,69.8,,95,63,4.8,8.5,342.59,,,,,,,,,,,,,,,,,,,,,,,,,
,2017,5,16,29.5,21,0,5.6,91,74,2.4,10.9,264.89,,,,,,,,,,,,,,,,,,,,,,,,,
,2017,5,17,33.4,24.6,2.6,5,76,70,6.3,7,391.14,,,,,,,,,,,,,,,,,,,,,,,,,
,2017,5,18,34.8,23.4,0,,68,58,7.8,5.5,439.7,,,,,,,,,,,,,,,,,,,,,,,,,
,2017,5,19,35.4,24.2,8,,84,65,7.6,5.7,433.23,,,,,,,,,,,,,,,,,,,,,,,,,
,2017,5,20,36.2,24.6,0,5,91,62,8.4,4.9,459.13,,,,,,,,,,,,,,,,,,,,,,,,,
,2017,5,21,35.7,23.2,0,4,75,71,7.8,5.5,439.7,,,,,,,,,,,,,,,,,,,,,,,,,
,2017,5,22,36.7,27.8,0,6,74,68,6.4,6.9,394.38,,,,,,,,,,,,,,,,,,,,,,,,,
,2017,5,23,37,28.2,0,6,74,59,6.8,6.5,407.33,,,,,,,,,,,,,,,,,,,,,,,,,
,2017,5,24,36.7,26.2,0,6,77,62,8.6,4.7,465.6,,,,,,,,,,,,,,,,,,,,,,,,,
,2017,5,25,36.2,28.4,0,5,74,68,7.2,6.1,420.28,,,,,,,,,,,,,,,,,,,,,,,,,
,2017,5,26,34.2,28.2,4,7,77,64,5.2,8.1,355.53,,,,,,,,,,,,,,,,,,,,,,,,,
,2017,5,27,35,24.6,0,3,84,65,6.2,7.1,387.91,,,,,,,,,,,,,,,,,,,,,,,,,
,2017,5,28,35.6,27.2,0,5,80,64,5.4,7.9,962.01,,,,,,,,,,,,,,,,,,,,,,,,,
,2017,5,29,35.4,27.4,3,5,73,70,3.6,9.7,303.74,,,,,,,,,,,,,,,,,,,,,,,,,
,2017,5,30,31.8,25.8,2.2,2.2,79,87,0,13.3,187.2,,,,,,,,,,,,,,,,,,,,,,,,,
,2017,5,31,34.5,25.8,18.6,4.6,83,67,5.4,7.9,362.01,,,,,,,,,,,,,,,,,,,,,,,,,
,2017,6,1,28.4,24.6,16.6,3.6,91,91,0,13.6,190.2,,,,,,,,,,,,,,,,,,,,,,,,,
,2017,6,2,33.6,23.8,27.4,5.4,83,70,3.8,9.8,312.43,,,,,,,,,,,,,,,,,,,,,,,,,
,2017,6,3,35.4,22.4,2.4,6.4,77,68,5.2,8.4,357.46,,,,,,,,,,,,,,,,,,,,,,,,,
,2017,6,4,32.6,26.4,0,,83,67,3.2,10.4,293.13,,,,,,,,,,,,,,,,,,,,,,,,,
,2017,6,5,32.2,25.6,13.6,,84,82,3.4,10.2,299.56,,,,,,,,,,,,,,,,,,,,,,,,,
,2017,6,6,35.2,22.8,0,,77,68,9.3,4.3,489.34,,,,,,,,,,,,,,,,,,,,,,,,,
,2017,6,7,36.4,28.4,0.4,,71,65,4.8,8.8,344.59,,,,,,,,,,,,,,,,,,,,,,,,,
,2017,6,8,35.6,28.4,0,5,77,62,4.2,9.4,325.29,,,,,,,,,,,,,,,,,,,,,,,,,
,2017,6,9,35.2,26.2,0,3,71,68,5.4,8.2,363.89,,,,,,,,,,,,,,,,,,,,,,,,,
,2017,6,10,36.8,27.4,0.6,5.6,74,59,6.4,7.2,396.06,,,,,,,,,,,,,,,,,,,,,,,,,
,2017,6,11,33.5,27.2,50,,73,76,3.3,10.3,296.34,,,,,,,,,,,,,,,,,,,,,,,,,
,2017,6,12,29.8,24.8,105,,100,100,0,13.6,190.2,,,,,,,,,,,,,,,,,,,,,,,,,
,2017,6,13,32.3,24.6,0,3,100,77,1.4,12.2,235.23,,,,,,,,,,,,,,,,,,,,,,,,,
,2017,6,14,33.2,27.8,2.4,2.4,83,77,2.3,11.3,264.18,,,,,,,,,,,,,,,,,,,,,,,,,
,2017,6,15,33.5,25.6,0,,83,65,6.8,6.8,408.93,,,,,,,,,,,,,,,,,,,,,,,,,
,2017,6,16,32.3,25.4,14.2,,91,76,2.4,11.2,267.39,,,,,,,,,,,,,,,,,,,,,,,,,
,2017,6,17,31.2,24.6,50.8,,85,100,0,13.6,190.2,,,,,,,,,,,,,,,,,,,,,,,,,
,2017,6,18,33.8,24.4,70.2,,71,74,5.4,8.2,363.8,,,,,,,,,,,,,,,,,,,,,,,,,
,2017,6,19,28.2,23.4,2.4,,100,100,0,13.6,190.2,,,,,,,,,,,,,,,,,,,,,,,,,
,2017,6,20,30.8,23.6,0,4,96,76,4.8,8.8,344.59,,,,,,,,,,,,,,,,,,,,,,,,,
,2017,6,21,32.5,25.4,13.8,6.8,84,76,2.4,11.2,267.39,,,,,,,,,,,,,,,,,,,,,,,,,
,2017,6,22,32.2,25.8,14.8,,92,87,2.2,11.4,260.96,,,,,,,,,,,,,,,,,,,,,,,,,
,2017,6,23,33.6,26.2,0,6,73,59,9.2,4.4,486.12,,,,,,,,,,,,,,,,,,,,,,,,,
,2017,6,24,34.3,27.2,1.2,6.2,77,67,7.7,5.9,437.87,,,,,,,,,,,,,,,,,,,,,,,,,
,2017,6,25,33.6,26.8,1.2,6.2,73,70,7.4,6.2,428.22,,,,,,,,,,,,,,,,,,,,,,,,,
,2017,6,26,34,27.2,0,5,80,67,8.2,5.4,453.96,,,,,,,,,,,,,,,,,,,,,,,,,
,2017,6,27,34.2,27,0,6,77,64,8.6,4,466.82,,,,,,,,,,,,,,,,,,,,,,,,,
,2017,6,28,33.2,27.8,0,4,84,77,5.2,8.4,357.46,,,,,,,,,,,,,,,,,,,,,,,,,
,2017,6,29,33.8,27.6,5.6,5.6,84,70,4.5,9.1,334.94,,,,,,,,,,,,,,,,,,,,,,,,,
,2017,6,30,34.2,27.2,18.6,,96,77,2.8,10.8,280.26,,,,,,,,,,,,,,,,,,,,,,,,,
,2017,7,1,32.4,26.4,15.4,5.4,84,91,0,13.5,188.2,,,,,,,,,,,,,,,,,,,,,,,,,
,2017,7,2,31.4,26.2,94.8,0,83,77,2.3,11.2,261.94,,,,,,,,,,,,,,,,,,,,,,,,,
,2017,7,3,29.4,25.8,26.6,0,100,87,0,13.5,188.2,,,,,,,,,,,,,,,,,,,,,,,,,
,2017,7,4,29.6,24.6,45.4,0,100,92,0,13.5,188.2,,,,,,,,,,,,,,,,,,,,,,,,,
,2017,7,5,30.5,26.2,13.4,0,100,83,0,13.5,188.2,,,,,,,,,,,,,,,,,,,,,,,,,
,2017,7,6,32.6,25.8,20.2,6.2,84,77,3.2,10.3,290.8,,,,,,,,,,,,,,,,,,,,,,,,,
,2017,7,7,31.4,26.4,4.2,4.2,100,67,2.4,11.1,265.15,,,,,,,,,,,,,,,,,,,,,,,,,
,2017,7,8,32.2,26.2,0,2,84,80,2.2,11.3,258.74,,,,,,,,,,,,,,,,,,,,,,,,,
,2017,7,9,32.7,27.6,13.2,5.2,83,80,1.8,11.7,245.95,,,,,,,,,,,,,,,,,,,,,,,,,
,2017,7,10,29.4,25.8,5.2,7.2,91,96,0,13.5,188.2,,,,,,,,,,,,,,,,,,,,,,,,,
,2017,7,11,30,25.7,23.8,3.2,91,100,0,13.5,188.2,,,,,,,,,,,,,,,,,,,,,,,,,
,2017,7,12,30.5,24.6,8.2,2.2,96,73,0.6,12.9,207.43,,,,,,,,,,,,,,,,,,,,,,,,,
,2017,7,13,31.7,25.4,4,5,91,77,5.8,7.7,374.16,,,,,,,,,,,,,,,,,,,,,,,,,
,2017,7,14,33.5,25.8,0,5,76,74,9.5,4,492.8,,,,,,,,,,,,,,,,,,,,,,,,,
,2017,7,15,33.8,27.4,0,7,84,62,9.2,4.3,483.18,,,,,,,,,,,,,,,,,,,,,,,,,
,2017,7,16,35.6,28.2,0,5,77,68,10.8,2.7,534.48,,,,,,,,,,,,,,,,,,,,,,,,,
,2017,7,17,36.5,28.4,9,7,77,74,7.2,6.3,419.05,,,,,,,,,,,,,,,,,,,,,,,,,
,2017,7,18,34.8,25.4,4.8,4.8,77,74,6.3,7.2,390.2,,,,,,,,,,,,,,,,,,,,,,,,,
,2017,7,19,28.6,25.6,12,3,91,100,0,13.5,188.2,,,,,,,,,,,,,,,,,,,,,,,,,
,2017,7,20,28.4,25.8,10,1,91,91,0,13.5,188.2,,,,,,,,,,,,,,,,,,,,,,,,,
,2017,7,21,31.2,25.4,0.4,1.4,96,77,2.3,11.2,261.94,,,,,,,,,,,,,,,,,,,,,,,,,
,2017,7,22,32.6,25.3,0,5,83,74,4.8,8.7,342.1,,,,,,,,,,,,,,,,,,,,,,,,,
,2017,7,23,31.8,26.4,14.2,3.2,79,84,1.8,11.7,245.95,,,,,,,,,,,,,,,,,,,,,,,,,
,2017,7,24,27.7,25.8,34,1,95,100,0,13.5,188.2,,,,,,,,,,,,,,,,,,,,,,,,,
,2017,7,25,26.4,24.6,24.8,0,100,100,0,13.5,188.2,,,,,,,,,,,,,,,,,,,,,,,,,
,2017,7,26,30.2,24.8,31.4,0,100,91,0,13.5,188.2,,,,,,,,,,,,,,,,,,,,,,,,,
,2017,7,27,33.4,24.8,2,0,100,83,2.3,11.2,261.94,,,,,,,,,,,,,,,,,,,,,,,,,
,2017,7,28,32.3,26,0,0,91,79,4.8,8.7,342.1,,,,,,,,,,,,,,,,,,,,,,,,,
,2017,7,29,32.4,25.4,0,3,96,82,0,13.5,188.2,,,,,,,,,,,,,,,,,,,,,,,,,
,2017,7,30,32.8,27.2,0,4,84,73,6.8,6.7,406.23,,,,,,,,,,,,,,,,,,,,,,,,,
,2017,7,31,32.6,27.5,10.8,2.8,80,83,0.8,12.7,213.85,,,,,,,,,,,,,,,,,,,,,,,,,
,2017,8,1,33.4,25.8,1,4,84,77,0.8,12.1,209.78,,,,,,,,,,,,,,,,,,,,,,,,,
,2017,8,2,33.6,27.6,10.4,5.4,92,91,0,12.9,183.6,,,,,,,,,,,,,,,,,,,,,,,,,
,2017,8,3,32.8,26.2,6.6,0,84,67,2.3,10.6,258.89,,,,,,,,,,,,,,,,,,,,,,,,,
,2017,8,4,33.2,27.4,1.6,0,92,64,5.6,7.3,357.09,,,,,,,,,,,,,,,,,,,,,,,,,
,2017,8,5,34.2,26.8,16.6,0,84,71,3.7,9.2,304.71,,,,,,,,,,,,,,,,,,,,,,,,,
,2017,8,6,31.6,26.2,5,3,87,84,2.6,10.3,268.71,,,,,,,,,,,,,,,,,,,,,,,,,
,2017,8,7,32.4,25.8,0,4,95,73,6.4,6.5,393.1,,,,,,,,,,,,,,,,,,,,,,,,,
,2017,8,8,32.8,26.2,16.4,0,80,92,6.2,6.7,386.55,,,,,,,,,,,,,,,,,,,,,,,,,
,2017,8,9,33.5,26.8,10.2,0,80,80,3.7,9.2,304.71,,,,,,,,,,,,,,,,,,,,,,,,,
,2017,8,10,32.8,27.6,60.2,0,80,84,1.2,11.7,222.88,,,,,,,,,,,,,,,,,,,,,,,,,
,2017,8,11,30.4,23.6,45,0,96,100,0,12.9,183.6,,,,,,,,,,,,,,,,,,,,,,,,,
,2017,8,12,28.6,25.6,64,0,100,100,0,12.9,183.6,,,,,,,,,,,,,,,,,,,,,,,,,
,2017,8,13,29.8,25.2,19.2,0,100,92,0,12.9,183.6,,,,,,,,,,,,,,,,,,,,,,,,,
,2017,8,14,29.7,25.2,1,0,100,96,0,12.9,183.6,,,,,,,,,,,,,,,,,,,,,,,,,
,2017,8,15,33.3,25.7,40.8,0,92,77,2.4,10.5,262.16,,,,,,,,,,,,,,,,,,,,,,,,,
,2017,8,16,31.2,24.8,4.8,0,83,91,2.3,10.6,258.89,,,,,,,,,,,,,,,,,,,,,,,,,
,2017,8,17,31.4,25.4,0,0,87,84,4.8,8.1,340.72,,,,,,,,,,,,,,,,,,,,,,,,,
,2017,8,18,31.8,25.5,4.2,7.2,87,70,5.6,7.3,366.91,,,,,,,,,,,,,,,,,,,,,,,,,
,2017,8,19,34.8,24.4,0,7,84,67,10.8,2.1,537.13,,,,,,,,,,,,,,,,,,,,,,,,,
,2017,8,20,37.4,27.2,0,4,73,64,8.6,4.3,465.11,,,,,,,,,,,,,,,,,,,,,,,,,
,2017,8,21,34.8,27.8,21.2,5.2,84,77,4.8,8.1,340.72,,,,,,,,,,,,,,,,,,,,,,,,,
,2017,8,22,34.2,25.4,68.2,0,96,70,4.5,8.4,330.9,,,,,,,,,,,,,,,,,,,,,,,,,
,2017,8,23,31.2,25,2,2,100,84,3.4,9.5,294.89,,,,,,,,,,,,,,,,,,,,,,,,,
,2017,8,24,37.4,26.7,0,5,83,67,10.6,2.3,530.58,,,,,,,,,,,,,,,,,,,,,,,,,
,2017,8,25,34.2,24,0,4,80,71,5.4,7.5,360.36,,,,,,,,,,,,,,,,,,,,,,,,,
,2017,8,26,35.2,27.6,50.2,0,80,74,6.2,6.7,386.55,,,,,,,,,,,,,,,,,,,,,,,,,
,2017,8,27,33.6,25.2,0,5,96,77,10.2,2.7,517.49,,,,,,,,,,,,,,,,,,,,,,,,,
,2017,8,28,35.4,26.8,0,6,76,71,7.6,5.3,432.38,,,,,,,,,,,,,,,,,,,,,,,,,
,2017,8,29,32.4,27.6,11.8,0,76,83,6.2,6.7,386.55,,,,,,,,,,,,,,,,,,,,,,,,,
,2017,8,30,33.5,26.8,0.6,2,77,77,2.3,10.6,258.89,,,,,,,,,,,,,,,,,,,,,,,,,
,2017,8,31,31.5,27.6,5,0,87,80,2.8,10.1,275.25,,,,,,,,,,,,,,,,,,,,,,,,,
,2017,9,1,33.2,25.8,0,0,80,74,3.6,8.6,270.26,,,,,,,,,,80,80,80,80,80,80,80,80,80,80,80,80,80,80,80,80
,2017,9,2,33.8,25.6,23.6,0,84,77,8.4,3.8,415.96,,,,,,,,,,84,84,84,84,84,84,84,84,84,84,84,84,84,84,84,84
,2017,9,3,34.8,25.2,4.4,0,80,71,7.3,4.9,382.57,,,,,,,,,,80,80,80,80,80,80,80,80,80,80,80,80,80,80,80,80
,2017,9,4,37.2,25.6,0,5,84,65,8.8,3.4,428.1,,,,,,,,,,84,84,84,84,84,84,84,84,84,84,84,84,84,84,84,84
,2017,9,5,34.7,27.4,0.6,2.6,80,71,3.6,8.6,270.26,,,,,,,,,,80,80,80,80,80,80,80,80,80,80,80,80,80,80,80,80
,2017,9,6,33.5,27.3,10.6,3.6,77,92,6.8,11.4,185.28,,,,,,,,,,77,77,77,77,77,77,77,77,77,77,77,77,77,77,77,77
,2017,9,7,32.7,25.8,7.4,1.4,84,92,0,12.2,161,,,,,,,,,,84,84,84,84,84,84,84,84,84,84,84,84,84,84,84,84
,2017,9,8,35.4,26.6,0,6,84,67,5.4,6.8,24.9,,,,,,,,,,84,84,84,84,84,84,84,84,84,84,84,84,84,84,84,84
,2017,9,9,34.2,27.8,1.8,2.8,80,71,1.4,10.8,203.94,,,,,,,,,,80,80,80,80,80,80,80,80,80,80,80,80,80,80,80,80
,2017,9,10,30.8,27.4,53.4,2.4,87,91,0,12.2,161,,,,,,,,,,87,87,87,87,87,87,87,87,87,87,87,87,87,87,87,87
,2017,9,11,28.6,23.9,7.2,1.2,95,100,0,12.2,161,,,,,,,,,,95,95,95,95,95,95,95,95,95,95,95,95,95,95,95,95
,2017,9,12,31.8,24.2,0,2,91,77,5.3,6.9,321.86,,,,,,,,,,91,91,91,91,91,91,91,91,91,91,91,91,91,91,91,91
,2017,9,13,33.4,26.7,0,4,83,74,4.8,7.4,306.69,,,,,,,,,,83,83,83,83,83,83,83,83,83,83,83,83,83,83,83,83
,2017,9,14,33.8,26.8,0,4,84,71,7.8,4.4,397.74,,,,,,,,,,84,84,84,84,84,84,84,84,84,84,84,84,84,84,84,84
,2017,9,15,34,27,0,4,80,71,7.4,4.8,385.62,,,,,,,,,,80,80,80,80,80,80,80,80,80,80,80,80,80,80,80,80
,2017,9,16,37.4,27.2,0,5,80,65,6.4,5.8,355.25,,,,,,,,,,80,80,80,80,80,80,80,80,80,80,80,80,80,80,80,80
,2017,9,17,33.6,28.9,6,3,83,73,2.6,9.6,239.91,,,,,,,,,,83,83,83,83,83,83,83,83,83,83,83,83,83,83,83,83
,2017,9,18,34.6,26.2,20.8,5.8,76,61,7.4,4.8,385.6,,,,,,,,,,76,76,76,76,76,76,76,76,76,76,76,76,76,76,76,76
,2017,9,19,29.8,25.4,7.8,4.8,96,83,0,12.2,161,,,,,,,,,,96,96,96,96,96,96,96,96,96,96,96,96,96,96,96,96
,2017,9,20,31.5,25.2,43.4,0,96,96,2.8,9.4,245.98,,,,,,,,,,96,96,96,96,96,96,96,96,96,96,96,96,96,96,96,96
,2017,9,21,32.2,23.4,7.8,0,84,83,3.9,8.3,279.37,,,,,,,,,,84,84,84,84,84,84,84,84,84,84,84,84,84,84,84,84
,2017,9,22,34.9,25.9,0,5,80,71,9.8,2.4,458.45,,,,,,,,,,80,80,80,80,80,80,80,80,80,80,80,80,80,80,80,80
,2017,9,23,35.4,27.2,0,3,77,71,4.5,7.7,297.58,,,,,,,,,,77,77,77,77,77,77,77,77,77,77,77,77,77,77,77,77
,2017,9,24,35.4,27.4,5.8,3.8,77,81,2.6,9.6,239.91,,,,,,,,,,77,77,77,77,77,77,77,77,77,77,77,77,77,77,77,77
,2017,9,25,34.5,28.2,0,2,83,74,0,12.2,161,,,,,,,,,,83,83,83,83,83,83,83,83,83,83,83,83,83,83,83,83
,2017,9,26,34.5,28.2,0,2,84,71,0,12.2,161,,,,,,,,,,84,84,84,84,84,84,84,84,84,84,84,84,84,84,84,84
,2017,9,27,31.4,28.4,4.6,1.6,83,87,0.8,11.4,185.28,,,,,,,,,,83,83,83,83,83,83,83,83,83,83,83,83,83,83,83,83
,2017,9,28,33.8,25.8,62.6,0.6,80,80,2.4,9.8,233.84,,,,,,,,,,80,80,80,80,80,80,80,80,80,80,80,80,80,80,80,80
,2017,9,29,29.8,24.6,0.6,0.6,100,96,0,12.2,161,,,,,,,,,,100,100,100,100,100,100,100,100,100,100,100,100,100,100,100,100
,2017,9,30,32.2,25.8,50,0,92,91,3.4,8.8,264.19,,,,,,,,,,92,92,92,92,92,92,92,92,92,92,92,92,92,92,92,92
,2017,10,1,31.7,24.6,63,0,92,91,1.4,10.1,184.83,,,,,,,,,,,,,,,,,,,,,,,,,
,2017,10,2,32.5,23.6,1,3,92,70,6.2,5.3,323.45,,,,,,,,,,,,,,,,,,,,,,,,,
,2017,10,3,34.5,26.2,1.4,4.4,77,67,6.3,5.2,326.34,,,,,,,,,,,,,,,,,,,,,,,,,
,2017,10,4,35.2,26.8,0,4,77,67,5.8,5.7,311.9,,,,,,,,,,,,,,,,,,,,,,,,,
,2017,10,5,36.2,27.4,0,4,77,65,7.3,4.2,355.22,,,,,,,,,,,,,,,,,,,,,,,,,
,2017,10,6,36.4,27.8,0.4,4.4,77,73,4.8,6.7,283.02,,,,,,,,,,,,,,,,,,,,,,,,,
,2017,10,7,32.8,26.2,0,2,83,73,2.8,8.7,225.26,,,,,,,,,,,,,,,,,,,,,,,,,
,2017,10,8,32.9,26.2,0,3,72,73,1.2,10.3,179.05,,,,,,,,,,,,,,,,,,,,,,,,,
,2017,10,9,31.7,25.2,0,3,91,83,2.4,9.1,213.71,,,,,,,,,,,,,,,,,,,,,,,,,
,2017,10,10,33.7,25.2,0,1.8,84,67,7.8,3.7,369.66,,,,,,,,,,,,,,,,,,,,,,,,,
,2017,10,11,35.4,26.2,0,3,77,65,7.3,4.2,355.22,,,,,,,,,,,,,,,,,,,,,,,,,
,2017,10,12,35.2,26.9,0,4,73,65,8.4,3.1,386.99,,,,,,,,,,,,,,,,,,,,,,,,,
,2017,10,13,34.8,27.2,0,5,77,62,7.6,3.9,363.88,,,,,,,,,,,,,,,,,,,,,,,,,
,2017,10,14,35.4,27.1,1.6,4,80,62,7.3,4.2,355.22,,,,,,,,,,,,,,,,,,,,,,,,,
,2017,10,15,33.9,25.6,0,5.6,80,65,3.3,8.2,239.7,,,,,,,,,,,,,,,,,,,,,,,,,
,2017,10,16,34.3,26.2,0,2,80,64,4.2,7.3,265.69,,,,,,,,,,,,,,,,,,,,,,,,,
,2017,10,17,35.4,26.1,2,2,77,57,7.8,3.7,369.66,,,,,,,,,,,,,,,,,,,,,,,,,
,2017,10,18,32.8,25.8,80,5,83,70,4.3,7.2,268.58,,,,,,,,,,,,,,,,,,,,,,,,,
,2017,10,19,29.6,23.4,12.6,6,100,79,2.2,9.3,207.93,,,,,,,,,,,,,,,,,,,,,,,,,
,2017,10,20,25.6,24.5,128.4,1.6,95,100,0,11.5,144.4,,,,,,,,,,,,,,,,,,,,,,,,,
,2017,10,21,25.4,23.2,47.6,0,100,100,0,11.5,144.4,,,,,,,,,,,,,,,,,,,,,,,,,
,2017,10,22,28.5,21.8,1.8,0,95,75,6.2,5.3,323.45,,,,,,,,,,,,,,,,,,,,,,,,,
,2017,10,23,32.8,22.4,0,0,91,57,7.2,4.3,352.33,,,,,,,,,,,,,,,,,,,,,,,,,
,2017,10,24,31.9,23.2,0,0,91,76,5.3,6.2,297.46,,,,,,,,,,,,,,,,,,,,,,,,,
,2017,10,25,31.5,22.8,0,3,91,73,2.7,8.8,222.37,,,,,,,,,,,,,,,,,,,,,,,,,
,2017,10,26,31.2,23.4,0,2,87,63,8.8,2.7,398.54,,,,,,,,,,,,,,,,,,,,,,,,,
,2017,10,27,31.7,21.2,0,3,91,69,5.7,5.8,309.01,,,,,,,,,,,,,,,,,,,,,,,,,
,2017,10,28,30.5,21.6,0,3,82,68,6.7,4.8,337.89,,,,,,,,,,,,,,,,,,,,,,,,,
,2017,10,29,30.9,19.8,0,2,74,52,6.9,4.6,343.17,,,,,,,,,,,,,,,,,,,,,,,,,
,2017,10,30,25.6,21.8,0,3,86,81,2.3,9.2,210.82,,,,,,,,,,,,,,,,,,,,,,,,,
,2017,10,31,29.4,18.7,0,1,78,61,8.2,3.3,381.21,,,,,,,,,,,,,,,,,,,,,,,,,
,2017,11,1,31.2,19.2,0,3,79,62,9.2,1.7,356.48,,,,,,,,,,,,,,,,,,,,,,,,,
,2017,11,2,31.5,19.8,0,2,71,56,9.4,1.5,361.59,,,,,,,,,,,,,,,,,,,,,,,,,
,2017,11,3,32,19.4,0,4,75,57,9.3,1.6,359.04,,,,,,,,,,,,,,,,,,,,,,,,,
,2017,11,4,33.4,21.2,0,4,74,57,9.6,1.3,366.71,,,,,,,,,,,,,,,,,,,,,,,,,
,2017,11,5,33.2,21.6,0,4,75,57,9.8,1.1,371.82,,,,,,,,,,,,,,,,,,,,,,,,,
,2017,11,6,33.4,21.7,0,3,75,54,9.2,1.7,356.48,,,,,,,,,,,,,,,,,,,,,,,,,
,2017,11,7,33.5,20.8,0,4,71,54,9.4,1.5,361.59,,,,,,,,,,,,,,,,,,,,,,,,,
,2017,11,8,32.8,20.2,0,3,79,51,9.5,2.4,364.15,,,,,,,,,,,,,,,,,,,,,,,,,
,2017,11,9,32.2,19.4,0,2,74,53,8.6,2.3,341.13,,,,,,,,,,,,,,,,,,,,,,,,,
,2017,11,10,32,19.6,0,3,71,51,10.2,0.7,382.05,,,,,,,,,,,,,,,,,,,,,,,,,
,2017,11,11,32.5,19.4,0,3,66,56,9.4,1.5,361.59,,,,,,,,,,,,,,,,,,,,,,,,,
,2017,11,12,32.8,18.9,0,4,70,57,9.2,1.7,356.48,,,,,,,,,,,,,,,,,,,,,,,,,
,2017,11,13,33.5,19.8,0,3,64,57,6.7,4.2,292.54,,,,,,,,,,,,,,,,,,,,,,,,,
,2017,11,14,32.2,20.9,0,3,74,58,6.2,4.7,279.76,,,,,,,,,,,,,,,,,,,,,,,,,
,2017,11,15,27,22.8,3,1,86,86,0,10.9,121.2,,,,,,,,,,,,,,,,,,,,,,,,,
,2017,11,16,25.5,20.8,4.4,4,90,90,0,10.9,121.2,,,,,,,,,,,,,,,,,,,,,,,,,
,2017,11,17,29.2,21.4,0,1,86,72,3.2,7.7,203.03,,,,,,,,,,,,,,,,,,,,,,,,,
,2017,11,18,32.5,23.8,0,2,83,69,3.7,7.2,215.82,,,,,,,,,,,,,,,,,,,,,,,,,
,2017,11,19,32.4,23.9,0,2,86,57,7.6,3.3,315.56,,,,,,,,,,,,,,,,,,,,,,,,,
,2017,11,20,32.2,19.4,0,4,74,56,7.7,3.2,318.12,,,,,,,,,,,,,,,,,,,,,,,,,
,2017,11,21,29.8,20,0,3,69,51,7.4,3.5,310.44,,,,,,,,,,,,,,,,,,,,,,,,,
,2017,11,22,29.6,16.4,0,3,60,51,7.8,3.1,320.67,,,,,,,,,,,,,,,,,,,,,,,,,
,2017,11,23,29.5,16.7,0,2,66,57,8.2,2.7,330.9,,,,,,,,,,,,,,,,,,,,,,,,,
,2017,11,24,30,18.4,0,3,71,54,7.4,3.5,310.44,,,,,,,,,,,,,,,,,,,,,,,,,
,2017,11,25,29.8,17.4,0,3,67,54,8.4,2.5,336.02,,,,,,,,,,,,,,,,,,,,,,,,,
,2017,11,26,29.6,16.4,0,2,71,47,7.4,3.5,310.44,,,,,,,,,,,,,,,,,,,,,,,,,
,2017,11,27,29.8,16.8,0,3,81,53,6.5,4.4,287.43,,,,,,,,,,,,,,,,,,,,,,,,,
,2017,11,28,27.8,16.4,0,1,85,59,2.7,8.2,190.25,,,,,,,,,,,,,,,,,,,,,,,,,
,2017,11,29,28,16.5,0,1,90,66,4.6,6.3,238.84,,,,,,,,,,,,,,,,,,,,,,,,,
,2017,11,30,28.5,14.8,0,2,83,52,8.3,2.6,333.46,,,,,,,,,,,,,,,,,,,,,,,,,
,2017,12,1,30.5,14.7,0,2,90,64,8.7,1.9,318.22,,,,,,,,,,,,,,,,,,,,,,,,,
,2017,12,2,29.7,14.8,0,2,80,51,8.6,2,315.83,,,,,,,,,,,,,,,,,,,,,,,,,
,2017,12,3,29.4,14.6,0,2,81,54,8.4,2.2,311.05,,,,,,,,,,,,,,,,,,,,,,,,,
,2017,12,4,28.6,15.4,0,3,81,56,7.8,2.8,296.7,,,,,,,,,,,,,,,,,,,,,,,,,
,2017,12,5,28.6,15.2,0,2,69,53,8.3,2.3,308.66,,,,,,,,,,,,,,,,,,,,,,,,,
,2017,12,6,28.5,13.6,0,2,80,55,7.8,2.8,296.7,,,,,,,,,,,,,,,,,,,,,,,,,
,2017,12,7,29.5,15.2,0,1,72,56,6.6,4,268.01,,,,,,,,,,,,,,,,,,,,,,,,,
,2017,12,8,25.8,19.6,17.4,1.4,80,65,0,10.6,410.2,,,,,,,,,,,,,,,,,,,,,,,,,
,2017,12,9,22.6,17.9,19.6,0.6,100,95,0,10.6,110.2,,,,,,,,,,,,,,,,,,,,,,,,,
,2017,12,10,22.7,20.4,5.2,1.2,100,100,0,10.6,110.2,,,,,,,,,,,,,,,,,,,,,,,,,
,2017,12,11,25.5,21.4,0.4,0.4,100,90,0,10.6,110.2,,,,,,,,,,,,,,,,,,,,,,,,,
,2017,12,12,29.9,20.8,0,3,91,61,6.8,3.8,272.79,,,,,,,,,,,,,,,,,,,,,,,,,
,2017,12,13,29.2,18.8,0,1,90,65,3.8,6.8,201.06,,,,,,,,,,,,,,,,,,,,,,,,,
,2017,12,14,29.2,17.6,0,1,95,51,7.4,3.2,287.14,,,,,,,,,,,,,,,,,,,,,,,,,
,2017,12,15,28.2,15,0,1,89,52,6.8,3.8,272.79,,,,,,,,,,,,,,,,,,,,,,,,,
,2017,12,16,27.4,12.8,0,2,88,48,7.8,2.8,296.7,,,,,,,,,,,,,,,,,,,,,,,,,
,2017,12,17,26.8,14.4,0,1,94,66,5.2,5.4,234.53,,,,,,,,,,,,,,,,,,,,,,,,,
,2017,12,18,26.2,17.4,0,1,90,66,4.3,6.3,213.01,,,,,,,,,,,,,,,,,,,,,,,,,
,2017,12,19,21.5,16.6,0,2,89,90,0,10.6,110.2,,,,,,,,,,,,,,,,,,,,,,,,,
,2017,12,20,25.4,16.4,0,1,94,78,3.4,7.2,191.49,,,,,,,,,,,,,,,,,,,,,,,,,
,2017,12,21,27,15.9,0,1,94,66,6.2,4.4,258.45,,,,,,,,,,,,,,,,,,,,,,,,,
,2017,12,22,27.2,15.6,0,0,90,38,6.4,4.2,263.23,,,,,,,,,,,,,,,,,,,,,,,,,
,2017,12,23,26.8,16.4,0,2,90,48,4.6,6,220.19,,,,,,,,,,,,,,,,,,,,,,,,,
,2017,12,24,26.4,15.2,0,2,80,59,6.8,3.8,272.79,,,,,,,,,,,,,,,,,,,,,,,,,
,2017,12,25,28.2,16.2,0,2,89,56,6.9,3.7,275.18,,,,,,,,,,,,,,,,,,,,,,,,,
,2017,12,26,27.7,16.4,0,1,79,59,6.3,4.3,260.84,,,,,,,,,,,,,,,,,,,,,,,,,
,2017,12,27,28.5,15.4,0,2,89,60,7.7,2.9,294.31,,,,,,,,,,,,,,,,,,,,,,,,,
,2017,12,28,28.6,16,0,2,94,51,7.4,3.2,287.14,,,,,,,,,,,,,,,,,,,,,,,,,
,2017,12,29,27.6,16.2,0,1,94,60,7.3,3.3,284.75,,,,,,,,,,,,,,,,,,,,,,,,,
,2017,12,30,29.6,15.2,0,3,84,60,8.2,2.4,306.27,,,,,,,,,,,,,,,,,,,,,,,,,
,2017,12,31,30.2,14.4,0,2,79,44,7.7,2.9,294.31,,,,,,,,,,,,,,,,,,,,,,,,,
,2018,1,1,28.4,14.4,0,2,89,53,4.2,6.5,219.58,,,,,,,,,,,,,,,,,,,,,,,,,
,2018,1,2,27.9,16.2,0,3,94,52,5.2,5.1,254.31,,,,,,,,,,,,,,,,,,,,,,,,,
,2018,1,3,26,13.4,0,4,93,43,6.4,4.3,274.15,,,,,,,,,,,,,,,,,,,,,,,,,
,2018,1,4,23.2,10.8,0,1,87,62,6.6,4.1,279.11,,,,,,,,,,,,,,,,,,,,,,,,,
,2018,1,5,23.8,11.4,0,1,93,60,5.8,4.9,269.27,,,,,,,,,,,,,,,,,,,,,,,,,
,2018,1,6,24.5,11.8,0,1,83,53,6.3,4.4,271.67,,,,,,,,,,,,,,,,,,,,,,,,,
,2018,1,7,20.5,8.4,0,2,93,60,4.8,5.9,234.46,,,,,,,,,,,,,,,,,,,,,,,,,
,2018,1,8,18.7,6.7,0,2,92,67,5.4,5.3,249.35,,,,,,,,,,,,,,,,,,,,,,,,,
,2018,1,9,24.4,8.2,0,3,88,56,6.4,4.3,274.15,,,,,,,,,,,,,,,,,,,,,,,,,
,2018,1,10,23.5,11.2,0,1,88,48,6.2,4.5,269.19,,,,,,,,,,,,,,,,,,,,,,,,,
,2018,1,11,18.9,10.6,0,1,93,69,4.3,6.4,222.06,,,,,,,,,,,,,,,,,,,,,,,,,
,2018,1,12,21.8,9.9,0,1,94,43,3.8,6.9,209.66,,,,,,,,,,,,,,,,,,,,,,,,,
,2018,1,13,20.6,10.4,0,1,88,70,0,10.7,115.4,,,,,,,,,,,,,,,,,,,,,,,,,
,2018,1,14,17.7,11.8,0,1,94,88,0,1.7,115.4,,,,,,,,,,,,,,,,,,,,,,,,,
,2018,1,15,22.9,11.4,0,1,94,63,4.5,6.2,227.02,,,,,,,,,,,,,,,,,,,,,,,,,
,2018,1,16,14.6,10.9,0,1,88,56,6.8,3.9,284.07,,,,,,,,,,,,,,,,,,,,,,,,,
,2018,1,17,24.9,12.4,0,1,83,65,4.6,6.1,229.5,,,,,,,,,,,,,,,,,,,,,,,,,
,2018,1,18,27.2,13.8,0,2,88,55,7.2,3.5,294,,,,,,,,,,,,,,,,,,,,,,,,,
,2018,1,19,28,13.6,0,3,78,52,6.8,3.9,284.07,,,,,,,,,,,,,,,,,,,,,,,,,
,2018,1,20,26.2,11.4,0,3,59,40,8.3,2.4,321.28,,,,,,,,,,,,,,,,,,,,,,,,,
,2018,1,21,27.2,10.6,0,2,83,45,6.8,3.9,284.07,,,,,,,,,,,,,,,,,,,,,,,,,
,2018,1,22,25.7,12.9,0,2,88,43,7.2,3.5,294,,,,,,,,,,,,,,,,,,,,,,,,,
,2018,1,23,27.6,13.8,0,2,79,55,7.5,3.2,301.44,,,,,,,,,,,,,,,,,,,,,,,,,
,2018,1,24,27.7,12.4,0,2,84,38,7.6,3.1,303.92,,,,,,,,,,,,,,,,,,,,,,,,,
,2018,1,25,27.5,14.6,0,3,78,52,8.2,2.5,318.8,,,,,,,,,,,,,,,,,,,,,,,,,
,2018,1,26,26.8,12.5,0,4,69,64,7.3,3.4,296.48,,,,,,,,,,,,,,,,,,,,,,,,,
,2018,1,27,23.6,12.4,0,2,77,57,6.2,4.5,269.19,,,,,,,,,,,,,,,,,,,,,,,,,
,2018,1,28,24.8,9.4,0,3,87,48,7.5,3.2,301.44,,,,,,,,,,,,,,,,,,,,,,,,,
,2018,1,29,25.6,9.8,0,2,83,42,6.3,4.4,271.67,,,,,,,,,,,,,,,,,,,,,,,,,
,2018,1,30,25,10.2,0,3,83,49,6.2,4.5,269.19,,,,,,,,,,,,,,,,,,,,,,,,,
,2018,1,31,25.3,11.2,0,3,82,49,7.3,3.4,296.48,,,,,,,,,,,,,,,,,,,,,,,,,
,2018,2,1,26.4,13.6,0,1,78,47,5.6,5.6,295.41,,,,,,,,,,,,,,,,,,,,,,,,,
,2018,2,2,25,13.4,0,1,94,57,0,11.2,137.4,,,,,,,,,,,,,,,,,,,,,,,,,
,2018,2,3,26.5,14.4,0,1,94,62,1.3,9.9,174.08,,,,,,,,,,,,,,,,,,,,,,,,,
,2018,2,4,28.9,14.8,0,1,94,60,5.8,5.4,301.05,,,,,,,,,,,,,,,,,,,,,,,,,
,2018,2,5,27.8,18.6,0,2,90,67,2.3,8.9,202.29,,,,,,,,,,,,,,,,,,,,,,,,,
,2018,2,6,29.2,16.9,0,2,90,40,4.5,6.7,264.37,,,,,,,,,,,,,,,,,,,,,,,,,
,2018,2,7,28.5,13.6,0,0,94,51,6.4,4.8,217.98,,,,,,,,,,,,,,,,,,,,,,,,,
,2018,2,8,28.4,17.2,0,3,75,49,3.9,7.3,247.44,,,,,,,,,,,,,,,,,,,,,,,,,
,2018,2,9,24.2,14,0,2,79,72,4.3,6.9,258.72,,,,,,,,,,,,,,,,,,,,,,,,,
,2018,2,10,29.3,18.4,0,4,76,76,8.4,2.8,374.41,,,,,,,,,,,,,,,,,,,,,,,,,
,2018,2,11,28.4,16.9,0,5,50,33,8.9,2.3,388.52,,,,,,,,,,,,,,,,,,,,,,,,,
,2018,2,12,30.8,14,,5,63,33,9.5,1.7,405.45,,,,,,,,,,,,,,,,,,,,,,,,,
,2018,2,13,30.5,17.4,0,3,64,42,8.5,2.7,377.23,,,,,,,,,,,,,,,,,,,,,,,,,
,2018,2,14,29.2,18.4,0,4,67,53,8.3,2.9,371.59,,,,,,,,,,,,,,,,,,,,,,,,,
,2018,2,15,30.2,16.2,0,3,52,44,8.5,2.7,405.45,,,,,,,,,,,,,,,,,,,,,,,,,
,2018,2,16,29.9,15.9,0,3,67,41,9.1,2.1,394.16,,,,,,,,,,,,,,,,,,,,,,,,,
,2018,2,17,30,16,0,4,71,35,8.9,2.3,388.52,,,,,,,,,,,,,,,,,,,,,,,,,
,2018,2,18,29.1,15.1,0,4,72,38,7.8,3.4,357.48,,,,,,,,,,,,,,,,,,,,,,,,,
,2018,2,19,31.2,15.2,0,4,72,35,7.6,3.6,351.84,,,,,,,,,,,,,,,,,,,,,,,,,
,2018,2,20,31.4,17.9,0,2,69,33,7.2,4,340.55,,,,,,,,,,,,,,,,,,,,,,,,,
,2018,2,21,31.8,18,0,3,65,41,6.9,4.3,332.09,,,,,,,,,,,,,,,,,,,,,,,,,
,2018,2,22,31,18.2,0,2,69,49,5.1,6.1,281.3,,,,,,,,,,,,,,,,,,,,,,,,,
,2018,2,23,32.4,17.2,0,3,86,39,6.8,4.4,329.26,,,,,,,,,,,,,,,,,,,,,,,,,
,2018,2,24,31.7,19.8,0,3,86,62,6.3,4.9,315.16,,,,,,,,,,,,,,,,,,,,,,,,,
,2018,2,25,32.4,19.9,15,5,82,59,7.6,3.6,351.84,,,,,,,,,,,,,,,,,,,,,,,,,
,2018,2,26,24.3,17.8,5.2,3.2,80,57,7.5,3.7,349.02,,,,,,,,,,,,,,,,,,,,,,,,,
,2018,2,27,30.2,17.9,0,3,81,65,7.3,3.9,343.37,,,,,,,,,,,,,,,,,,,,,,,,,
,2018,2,28,32,20.2,0,4,78,45,8.4,2.8,374.41,,,,,,,,,,,,,,,,,,,,,,,,,
,2018,3,1,32.2,19.2,0,4,69,50,8.7,3.1,439.4,,,,,,,,,,,,,,,,,,,,,,,,,
,2018,3,2,32.8,19.8,0,3,74,48,8.4,3.1,429.87,,,,,,,,,,,,,,,,,,,,,,,,,
,2018,3,3,33.2,20.2,0,4,82,51,8.6,3.2,436.23,,,,,,,,,,,,,,,,,,,,,,,,,
,2018,3,4,35.3,21.8,0,4,86,40,7.7,4.1,407.63,,,,,,,,,,,,,,,,,,,,,,,,,
,2018,3,5,33.8,23.2,0,5,79,60,7.9,3.9,413.99,,,,,,,,,,,,,,,,,,,,,,,,,
,2018,3,6,33.7,20.2,0,5,66,51,9.2,2.6,455.29,,,,,,,,,,,,,,,,,,,,,,,,,
,2018,3,7,33.2,18.8,0,5,54,50,9.7,2.1,471.18,,,,,,,,,,,,,,,,,,,,,,,,,
,2018,3,8,32.6,14.8,0,5,58,39,9.3,2.5,458.47,,,,,,,,,,,,,,,,,,,,,,,,,
,2018,3,9,33,18.4,0,0,69,47,9.2,2.6,455.29,,,,,,,,,,,,,,,,,,,,,,,,,
,2018,3,10,32.8,17.8,0,0,69,34,9.6,2.2,468,,,,,,,,,,,,,,,,,,,,,,,,,
,2018,3,11,34.2,17.2,0,0,54,32,9.4,2.4,461.64,,,,,,,,,,,,,,,,,,,,,,,,,
,2018,3,12,34.2,18.2,0,0,74,46,6.6,5.2,372.68,,,,,,,,,,,,,,,,,,,,,,,,,
,2018,3,13,34.4,23.4,0,6,79,43,7.9,3.9,413.99,,,,,,,,,,,,,,,,,,,,,,,,,
,2018,3,14,31.6,19.4,0,2,82,59,7.2,4.6,391.75,,,,,,,,,,,,,,,,,,,,,,,,,
,2018,3,15,33.6,21.2,0,5,82,57,73,4.5,394.92,,,,,,,,,,,,,,,,,,,,,,,,,
,2018,3,16,32,24,0,4,83,53,3.9,7.9,286.9,,,,,,,,,,,,,,,,,,,,,,,,,
,2018,3,17,34.5,22.6,0,5,82,35,8.2,3.6,423.52,,,,,,,,,,,,,,,,,,,,,,,,,
,2018,3,18,34.7,22.7,0,5,86,43,7.3,4.5,394.92,,,,,,,,,,,,,,,,,,,,,,,,,
,2018,3,19,34.6,21.4,0,4,86,43,9.2,2.6,455.29,,,,,,,,,,,,,,,,,,,,,,,,,
,2018,3,20,34.7,19.2,0,5,59,38,9.3,2.5,458.47,,,,,,,,,,,,,,,,,,,,,,,,,
,2018,3,21,34.9,19.2,0,5,60,43,8.6,3.2,436.23,,,,,,,,,,,,,,,,,,,,,,,,,
,2018,3,22,34,20.8,0,4,71,63,6.4,5.4,366.33,,,,,,,,,,,,,,,,,,,,,,,,,
,2018,3,23,34.7,21.8,0,4,82,59,7.7,4.1,407.63,,,,,,,,,,,,,,,,,,,,,,,,,
,2018,3,24,34.2,23.6,0,3,76,63,3.4,8.4,271.02,,,,,,,,,,,,,,,,,,,,,,,,,
,2018,3,25,33.5,23.6,11.5,5.8,87,63,2.6,9.2,245.6,,,,,,,,,,,,,,,,,,,,,,,,,
,2018,3,26,32.2,23.2,0,6,86,63,4.6,7.2,309.14,,,,,,,,,,,,,,,,,,,,,,,,,
,2018,3,27,33.4,23.2,0,4,87,60,5.2,6.6,328.21,,,,,,,,,,,,,,,,,,,,,,,,,
,2018,3,28,33,24.8,0,4,75,63,7.3,4.5,394.92,,,,,,,,,,,,,,,,,,,,,,,,,
,2018,3,29,33.6,21.6,3.7,,85,63,4.2,7.6,296.43,,,,,,,,,,,,,,,,,,,,,,,,,
,2018,3,30,29.4,18.4,13.5,,80,63,6.3,5.5,363.15,,,,,,,,,,,,,,,,,,,,,,,,,
,2018,3,31,29.5,20.2,0,,66,66,7.4,4.4,398.1,,,,,,,,,,,,,,,,,,,,,,,,,
,2018,4,1,35.5,20.2,0,5,70,49,10.2,2.3,508.04,,,,,,,,,,,,,,,,,,,,,,,,,
,2018,4,2,31.2,20.6,0,3,62,62,2.6,9.9,261.08,,,,,,,,,,,,,,,,,,,,,,,,,
,2018,4,3,34.9,23.4,0,5,68,49,8.9,3.6,465.8,,,,,,,,,,,,,,,,,,,,,,,,,
,2018,4,4,33.9,21.6,0,4,74,55,6.2,6.3,378.06,,,,,,,,,,,,,,,,,,,,,,,,,
,2018,4,5,35,22.8,0,6,79,43,8.3,4.2,446.3,,,,,,,,,,,,,,,,,,,,,,,,,
,2018,4,6,30.2,21.8,50,2,74,57,6.2,6.3,378.06,,,,,,,,,,,,,,,,,,,,,,,,,
,2018,4,7,34.2,20.6,3.2,6.2,82,27,7.6,4.9,423.55,,,,,,,,,,,,,,,,,,,,,,,,,
,2018,4,8,32.4,21.8,4,4,86,60,4.6,7.9,326.07,,,,,,,,,,,,,,,,,,,,,,,,,
,2018,4,9,34.6,22,0,3,83,57,8.7,3.8,459.03,,,,,,,,,,,,,,,,,,,,,,,,,
,2018,4,10,33.4,23,0,5,75,62,7.3,5.2,413.8,,,,,,,,,,,,,,,,,,,,,,,,,
,2018,4,11,32.8,23.8,12,6,79,57,8.8,3.7,462.55,,,,,,,,,,,,,,,,,,,,,,,,,
,2018,4,12,34.2,18.2,3.2,6,74,59,9.3,3.2,478.79,,,,,,,,,,,,,,,,,,,,,,,,,
,2018,4,13,34.3,21.4,0,5.2,74,54,9.8,2.7,495.04,,,,,,,,,,,,,,,,,,,,,,,,,
,2018,4,14,34.6,25.4,21,5,76,55,6.3,6.2,381.31,,,,,,,,,,,,,,,,,,,,,,,,,
,2018,4,15,35.8,20.4,0,5,67,57,9.7,2.8,491.79,,,,,,,,,,,,,,,,,,,,,,,,,
,2018,4,16,36.7,23.9,1.8,6.8,76,62,7.3,5.2,413.8,,,,,,,,,,,,,,,,,,,,,,,,,
,2018,4,17,29.2,21.8,33.6,5.6,82,86,5.2,7.3,345.57,,,,,,,,,,,,,,,,,,,,,,,,,
,2018,4,18,33.4,20.4,0.6,5.6,82,63,9.2,3.3,475.54,,,,,,,,,,,,,,,,,,,,,,,,,
,2018,4,19,33.5,21.8,2.2,5.2,75,69,5.8,6.7,365.06,,,,,,,,,,,,,,,,,,,,,,,,,
,2018,4,20,32.6,22.4,0,4,83,67,5.6,6.9,358.56,,,,,,,,,,,,,,,,,,,,,,,,,
,2018,4,21,32.2,21.2,65,0,83,100,2.3,10.2,251.33,,,,,,,,,,,,,,,,,,,,,,,,,
,2018,4,22,33.5,19.6,0,4,91,70,4.8,7.7,332.57,,,,,,,,,,,,,,,,,,,,,,,,,
,2018,4,23,34.6,22.8,0,4,87,70,6.6,5.9,391.06,,,,,,,,,,,,,,,,,,,,,,,,,
,2018,4,24,35.6,25.8,0,5,64,64,8.8,3.7,462.55,,,,,,,,,,,,,,,,,,,,,,,,,
,2018,4,25,35.9,23.5,31.6,,64,51,7.3,5.2,413.8,,,,,,,,,,,,,,,,,,,,,,,,,
,2018,4,26,31.5,18.9,17.2,,78,64,5.2,7.3,345.57,,,,,,,,,,,,,,,,,,,,,,,,,
,2018,4,27,31.2,19,0,,91,61,10.2,2.3,508.04,,,,,,,,,,,,,,,,,,,,,,,,,
,2018,4,28,34.4,23.4,25.2,,68,63,6.6,5.9,391.06,,,,,,,,,,,,,,,,,,,,,,,,,
,2018,4,29,25.5,19.8,21.6,,100,95,0,12.5,176.6,,,,,,,,,,,,,,,,,,,,,,,,,
,2018,4,30,26.5,20.2,35.8,,86,69,2.3,10.2,423.97,,,,,,,,,,,,,,,,,,,,,,,,,
,2018,5,1,22.8,20.2,0,,91,69,2.1,11.2,255.18,,,,,,,,,,,,,,,,,,,,,,,,,
,2018,5,2,31.5,11.2,25,,86,74,3.8,9.5,301.21,,,,,,,,,,,,,,,,,,,,,,,,,
,2018,5,3,31.8,19.8,0,,78,69,6.2,7.1,387.91,,,,,,,,,,,,,,,,,,,,,,,,,
,2018,5,4,30.6,23.2,5.8,,79,91,4.6,8.7,336.11,,,,,,,,,,,,,,,,,,,,,,,,,
,2018,5,5,32.5,22.4,12.4,,79,69,4.2,9.1,323.16,,,,,,,,,,,,,,,,,,,,,,,,,
,2018,5,6,33.2,23.4,22,5,67,73,7.5,5.8,429.99,,,,,,,,,,,,,,,,,,,,,,,,,
,2018,5,7,29.5,20.4,2.8,5.8,100,62,1.8,11.5,245.47,,,,,,,,,,,,,,,,,,,,,,,,,
,2018,5,8,31.7,23.3,0.6,1.6,96,79,3.7,9.6,306.97,,,,,,,,,,,,,,,,,,,,,,,,,
,2018,5,9,32.3,26.2,15.4,6.4,91,87,2.5,10.8,268.13,,,,,,,,,,,,,,,,,,,,,,,,,
,2018,5,10,29.4,23.2,15.4,5.4,87,86,1.2,12.1,226.04,,,,,,,,,,,,,,,,,,,,,,,,,
,2018,5,11,30.6,19.9,2,6,81,69,6.3,7,391.14,,,,,,,,,,,,,,,,,,,,,,,,,
,2018,5,12,32.2,21.6,0,6,75,65,10.2,3.1,517.4,,,,,,,,,,,,,,,,,,,,,,,,,
,2018,5,13,33.5,24.3,11.2,7.2,76,90,3.8,9.5,310.21,,,,,,,,,,,,,,,,,,,,,,,,,
,2018,5,14,32.5,21.8,0,4,79,63,5.8,7.5,374.96,,,,,,,,,,,,,,,,,,,,,,,,,
,2018,5,15,34.4,24.3,29.2,0,79,58,5.6,7.7,368.48,,,,,,,,,,,,,,,,,,,,,,,,,
,2018,5,16,26.5,20.2,10.2,0,95,95,0,13.3,187.2,,,,,,,,,,,,,,,,,,,,,,,,,
,2018,5,17,30.7,21.8,37.8,0,82,75,5.5,7.8,365.25,,,,,,,,,,,,,,,,,,,,,,,,,
,2018,5,18,29.5,22.3,0,3,100,77,3.4,9.9,297.26,,,,,,,,,,,,,,,,,,,,,,,,,
,2018,5,19,31.8,22.9,50,5,83,73,5.2,8.1,355.53,,,,,,,,,,,,,,,,,,,,,,,,,
,2018,5,20,30.6,23.4,58.2,6.2,95,76,4.4,8.9,329.64,,,,,,,,,,,,,,,,,,,,,,,,,
,2018,5,21,28.7,23.2,19.4,4.4,100,91,1.2,12.1,226.04,,,,,,,,,,,,,,,,,,,,,,,,,
,2018,5,22,29.8,23.8,4.6,0,100,87,0,13.3,187.2,,,,,,,,,,,,,,,,,,,,,,,,,
,2018,5,23,29.6,24.2,21.2,0,95,91,0,13.3,187.2,,,,,,,,,,,,,,,,,,,,,,,,,
,2018,5,24,31.8,24.5,1.2,0,87,76,4.5,8.8,332.87,,,,,,,,,,,,,,,,,,,,,,,,,
,2018,5,25,34,25.8,2.8,0,76,70,6.4,6.9,394.38,,,,,,,,,,,,,,,,,,,,,,,,,
,2018,5,26,34.6,25.4,0,4,80,67,6.7,6.6,404.09,,,,,,,,,,,,,,,,,,,,,,,,,
,2018,5,27,35.6,27.4,0,3,70,65,8.8,4.5,472.08,,,,,,,,,,,,,,,,,,,,,,,,,
,2018,5,28,34.8,25.9,22.6,,75,71,7.2,6.1,420.28,,,,,,,,,,,,,,,,,,,,,,,,,
,2018,5,29,34.3,22.1,0,,83,63,10.1,3.2,514.16,,,,,,,,,,,,,,,,,,,,,,,,,
,2018,5,30,36.2,25.9,56.8,,66,59,6.8,6.5,407.33,,,,,,,,,,,,,,,,,,,,,,,,,
,2018,5,31,32.4,22.4,0,,100,73,1.2,12.1,226.04,,,,,,,,,,,,,,,,,,,,,,,,,
,2018,6,1,31.6,22.6,13,3,87,91,0.8,12.8,215.93,,,,,,,,,,,,,,,,,,,,,,,,,
,2018,6,2,32.4,23.4,4.2,3.2,83,73,5.4,8.2,363.89,,,,,,,,,,,,,,,,,,,,,,,,,
,2018,6,3,33.6,26.8,0.6,3.6,77,77,5.3,8.3,360.68,,,,,,,,,,,,,,,,,,,,,,,,,
,2018,6,4,34.2,26.4,0,4,84,77,6.8,6.8,408.93,,,,,,,,,,,,,,,,,,,,,,,,,
,2018,6,5,34.9,24.9,0,5,80,71,9.4,4.2,492.56,,,,,,,,,,,,,,,,,,,,,,,,,
,2018,6,6,35.6,27.2,0,5,70,65,6.8,6.8,408.93,,,,,,,,,,,,,,,,,,,,,,,,,
,2018,6,7,34.9,28.8,87.8,2.8,74,59,5.4,8.2,363.89,,,,,,,,,,,,,,,,,,,,,,,,,
,2018,6,8,33.2,24.8,0,5,96,67,7.3,6.3,430.3,,,,,,,,,,,,,,,,,,,,,,,,,
,2018,6,9,35.2,26.8,7.8,3.8,84,65,4.8,8.8,344.59,,,,,,,,,,,,,,,,,,,,,,,,,
,2018,6,10,35.4,25.7,10.8,5.8,80,61,7.2,6.4,421.79,,,,,,,,,,,,,,,,,,,,,,,,,
,2018,6,11,32.4,25.4,0,3,100,69,5.2,8.4,357.46,,,,,,,,,,,,,,,,,,,,,,,,,
,2018,6,12,33.8,27.8,86.2,0,80,73,3.4,10.2,299.56,,,,,,,,,,,,,,,,,,,,,,,,,
,2018,6,13,33,25.2,2.4,5,84,84,0,13.6,190.2,,,,,,,,,,,,,,,,,,,,,,,,,
,2018,6,14,35.7,28,0.6,4.8,84,71,6.8,6.8,408.93,,,,,,,,,,,,,,,,,,,,,,,,,
,2018,6,15,33.2,25.4,0,3.4,91,77,0,13.6,190.2,,,,,,,,,,,,,,,,,,,,,,,,,
,2018,6,16,32.5,24.8,0,2.6,83,76,1.2,12.4,228.79,,,,,,,,,,,,,,,,,,,,,,,,,
,2018,6,17,35.9,25,0,4,84,65,5.8,7.8,376.76,,,,,,,,,,,,,,,,,,,,,,,,,
,2018,6,18,34.9,25.4,27.6,5.6,84,71,4.4,9.2,331.73,,,,,,,,,,,,,,,,,,,,,,,,,
,2018,6,19,28.5,23.4,1,1,100,76,0,13.6,190.2,,,,,,,,,,,,,,,,,,,,,,,,,
,2018,6,20,33.6,23.8,0,3,91,67,5.4,8.2,363.89,,,,,,,,,,,,,,,,,,,,,,,,,
,2018,6,21,34.8,24.3,0,5,84,73,6.9,6.7,412.14,,,,,,,,,,,,,,,,,,,,,,,,,
,2018,6,22,35.4,24.9,0,0,77,87,2.4,11.2,267.39,,,,,,,,,,,,,,,,,,,,,,,,,
,2018,6,23,30.5,26.2,17.4,0,100,80,1.3,12.3,232.01,,,,,,,,,,,,,,,,,,,,,,,,,
,2018,6,24,32.9,25.9,0,3,91,77,3.7,9.9,309.21,,,,,,,,,,,,,,,,,,,,,,,,,
,2018,6,25,31.6,27.2,24,1,83,96,8,5.6,447.52,,,,,,,,,,,,,,,,,,,,,,,,,
,2018,6,26,33.6,25.6,11,0,80,70,6.8,6.8,408.93,,,,,,,,,,,,,,,,,,,,,,,,,
,2018,6,27,32.2,25.2,14.6,4.6,76,73,3.4,10.2,299.56,,,,,,,,,,,,,,,,,,,,,,,,,
,2018,6,28,31.5,24.6,2.2,0,96,84,6.2,7.4,389.63,,,,,,,,,,,,,,,,,,,,,,,,,
,2018,6,29,33.2,26.2,0.4,0,80,63,8.2,5.4,453.96,,,,,,,,,,,,,,,,,,,,,,,,,
,2018,6,30,34.8,27.2,0,5,80,67,4.4,9.2,331.73,,,,,,,,,,,,,,,,,,,,,,,,,
,2018,7,1,35.4,27.8,50,6,84,64,6.8,6.7,406.23,,,,,,,,,,,,,,,,,,,,,,,,,
,2018,7,2,32.5,24.8,39,4,87,84,3.1,10.4,287.59,,,,,,,,,,,,,,,,,,,,,,,,,
,2018,7,3,29.9,25.2,5.8,1.8,91,84,0,13.5,188.2,,,,,,,,,,,,,,,,,,,,,,,,,
,2018,7,4,32,25.2,87.6,5.6,91,100,0,13.5,188.2,,,,,,,,,,,,,,,,,,,,,,,,,
,2018,7,5,31.4,24.4,0,2,96,74,2.2,11.3,258.74,,,,,,,,,,,,,,,,,,,,,,,,,
,2018,7,6,34.2,26.4,0,6,80,87,9.6,3.9,496.01,,,,,,,,,,,,,,,,,,,,,,,,,
,2018,7,7,34.5,27.4,0,5,84,71,9.4,4.1,489.54,,,,,,,,,,,,,,,,,,,,,,,,,
,2018,7,8,33.6,27.3,0,5,83,70,5.6,7.9,367.75,,,,,,,,,,,,,,,,,,,,,,,,,
,2018,7,9,32.4,26.8,0,4,83,73,2.3,11.2,261.94,,,,,,,,,,,,,,,,,,,,,,,,,
,2018,7,10,32,27,7,2,83,91,2.8,10.7,277.97,,,,,,,,,,,,,,,,,,,,,,,,,
,2018,7,11,33.5,26.2,7.6,2.6,91,74,5.8,7.7,374.16,,,,,,,,,,,,,,,,,,,,,,,,,
,2018,7,12,33.2,26.4,0,7,87,77,7.8,5.7,438.29,,,,,,,,,,,,,,,,,,,,,,,,,
,2018,7,13,34.2,27.4,1,4,84,67,6.2,7.3,386.99,,,,,,,,,,,,,,,,,,,,,,,,,
,2018,7,14,34.8,27.3,2.6,6.6,77,67,8.7,4.8,467.15,,,,,,,,,,,,,,,,,,,,,,,,,
,2018,7,15,34,27.8,0.8,3.8,80,70,7.4,6.1,425.47,,,,,,,,,,,,,,,,,,,,,,,,,
,2018,7,16,33.5,26.7,17.2,5.2,83,73,7.2,6.3,419.05,,,,,,,,,,,,,,,,,,,,,,,,,
,2018,7,17,32,25.8,1.2,3.2,96,70,6.3,7.2,390.2,,,,,,,,,,,,,,,,,,,,,,,,,
,2018,7,18,34.6,26.2,0,5,80,74,11.2,2.3,547.31,,,,,,,,,,,,,,,,,,,,,,,,,
,2018,7,19,37.7,28.4,6.6,6.6,74,62,7.3,6.2,422.26,,,,,,,,,,,,,,,,,,,,,,,,,
,2018,7,20,36.7,26.4,0,5,87,65,6.2,7.3,386.99,,,,,,,,,,,,,,,,,,,,,,,,,
,2018,7,21,31,27.8,2,2,83,87,1.3,12.2,229.88,,,,,,,,,,,,,,,,,,,,,,,,,
,2018,7,22,31.8,26.2,19,4,87,84,3.3,10.2,294.01,,,,,,,,,,,,,,,,,,,,,,,,,
,2018,7,23,31.2,25.4,19.8,1.8,91,96,0.7,12.8,210.64,,,,,,,,,,,,,,,,,,,,,,,,,
,2018,7,24,31.3,25.2,48,2,96,96,0,13.5,188.02,,,,,,,,,,,,,,,,,,,,,,,,,
,2018,7,25,28.6,25.4,4,2,100,100,0,13.5,188.2,,,,,,,,,,,,,,,,,,,,,,,,,
,2018,7,26,28.7,26.2,14.4,0.4,91,96,0,13.5,188.2,,,,,,,,,,,,,,,,,,,,,,,,,
,2018,7,27,29,25.6,21,2.4,91,100,0,13.5,188.2,,,,,,,,,,,,,,,,,,,,,,,,,
,2018,7,28,29.5,25,2.2,3.2,91,96,0,13.5,188.2,,,,,,,,,,,,,,,,,,,,,,,,,
,2018,7,29,31.2,26.4,3,3,91,87,4.3,9.2,326.07,,,,,,,,,,,,,,,,,,,,,,,,,
,2018,7,30,32.2,26.3,1.2,3.2,84,80,4.7,8.8,338.89,,,,,,,,,,,,,,,,,,,,,,,,,
,2018,7,31,33.4,27,0,5,84,74,6.6,6.9,399.82,,,,,,,,,,,,,,,,,,,,,,,,,
,2018,8,1,32.4,26.7,1.8,2.8,79,83,2.2,10.7,255.61,,,,,,,,,,,,,,,,,,,,,,,,,
,2018,8,2,30.8,26.4,13.6,1.6,83,83,0.3,12.6,193.42,,,,,,,,,,,,,,,,,,,,,,,,,
,2018,8,3,31.5,25.5,6.6,3.6,91,77,3.6,9.3,301.44,,,,,,,,,,,,,,,,,,,,,,,,,
,2018,8,4,31,25.8,4.2,1.2,96,83,0,12.9,183.6,,,,,,,,,,,,,,,,,,,,,,,,,
,2018,8,5,31.5,26.7,10.4,3.4,92,84,1.4,11.5,229.42,,,,,,,,,,,,,,,,,,,,,,,,,
,2018,8,6,34.4,25.8,0.8,5.8,87,71,9.5,3.4,494.58,,,,,,,,,,,,,,,,,,,,,,,,,
,2018,8,7,33.7,27,0,5,79,67,9.6,3.3,497.85,,,,,,,,,,,,,,,,,,,,,,,,,
,2018,8,8,34.5,26.8,0,5,76,70,7.6,5.3,432.38,,,,,,,,,,,,,,,,,,,,,,,,,
,2018,8,9,35.6,27,0,4,82,67,4.2,8.7,321.08,,,,,,,,,,,,,,,,,,,,,,,,,
,2018,8,10,35.8,27.2,0,5,92,70,6.2,6.7,386.55,,,,,,,,,,,,,,,,,,,,,,,,,
,2018,8,11,34.5,27,0,3,84,74,0.7,12.2,206.5,,,,,,,,,,,,,,,,,,,,,,,,,
,2018,8,12,32.6,27.6,4.6,1.6,84,74,2.3,10.6,258.89,,,,,,,,,,,,,,,,,,,,,,,,,
,2018,8,13,34.6,27.2,0.8,4.8,80,74,5.7,7.2,370.18,,,,,,,,,,,,,,,,,,,,,,,,,
,2018,8,14,37,27.8,9.4,4.4,84,65,8.4,4.5,548.57,,,,,,,,,,,,,,,,,,,,,,,,,
,2018,8,15,36.4,27,1,7,91,64,10.2,2.7,517.49,,,,,,,,,,,,,,,,,,,,,,,,,
,2018,8,16,37.4,26.4,2.4,0,76,59,8.7,4.2,468.39,,,,,,,,,,,,,,,,,,,,,,,,,
,2018,8,17,36.7,27.2,2,0,84,74,7.7,5.2,435.65,,,,,,,,,,,,,,,,,,,,,,,,,
,2018,8,18,38.2,27.4,3.6,0,83,59,8.8,4.1,471.66,,,,,,,,,,,,,,,,,,,,,,,,,
,2018,8,19,34.8,28.3,0.4,6.4,80,74,9.7,3.2,501.12,,,,,,,,,,,,,,,,,,,,,,,,,
,2018,8,20,34.2,27.6,0,0,70,77,9.4,3.5,491.3,,,,,,,,,,,,,,,,,,,,,,,,,
,2018,8,21,33.2,25.6,39,0,91,64,4.2,8.7,321.08,,,,,,,,,,,,,,,,,,,,,,,,,
,2018,8,22,32.8,26,2.2,0,73,67,10.2,2.7,517.49,,,,,,,,,,,,,,,,,,,,,,,,,
,2018,8,23,35.4,26.4,1.6,0,83,80,4.3,8.6,324.35,,,,,,,,,,,,,,,,,,,,,,,,,
,2018,8,24,34.4,27.8,54.2,0,91,77,1.8,11.1,342.52,,,,,,,,,,,,,,,,,,,,,,,,,
,2018,8,25,34.8,25.4,2.8,4.8,96,77,7.7,5.2,435.65,,,,,,,,,,,,,,,,,,,,,,,,,
,2018,8,26,35.4,26.2,0,5,83,74,8.2,4.7,452.02,,,,,,,,,,,,,,,,,,,,,,,,,
,2018,8,27,32.8,27.4,0,4,76,70,5.4,7.5,360.36,,,,,,,,,,,,,,,,,,,,,,,,,
,2018,8,28,34.5,27,0,6,76,80,8.3,4.6,455.29,,,,,,,,,,,,,,,,,,,,,,,,,
,2018,8,29,32.8,25.4,1.2,3.2,83,77,7.6,5.3,432.38,,,,,,,,,,,,,,,,,,,,,,,,,
,2018,8,30,36,27,0.2,4.2,84,74,5.7,7.2,307.18,,,,,,,,,,,,,,,,,,,,,,,,,
,2018,8,31,37,27.4,0,4,83,62,8.6,4.3,465.11,,,,,,,,,,,,,,,,,,,,,,,,,
,2018,9,1,34.6,27,0,5,77,67,5.2,7,318.83,,,,,,,,,,,,,,,,,,,,,,,,,
,2018,9,2,32.2,26.8,13.8,3.8,87,80,2.4,9.8,233.84,,,,,,,,,,,,,,,,,,,,,,,,,
,2018,9,3,32.5,25.4,19.8,4.8,87,77,6.3,5.9,352.22,,,,,,,,,,,,,,,,,,,,,,,,,
,2018,9,4,34.2,26.8,3,4,91,74,5.8,6.4,337.04,,,,,,,,,,,,,,,,,,,,,,,,,
,2018,9,5,35,27,0,5,87,70,10.6,1.6,482.73,,,,,,,,,,,,,,,,,,,,,,,,,
,2018,9,6,33.5,26.2,0,7,76,67,10.3,1.9,473.63,,,,,,,,,,,,,,,,,,,,,,,,,
,2018,9,7,33.6,25.8,0,3,72,84,7.4,4.8,385.6,,,,,,,,,,,,,,,,,,,,,,,,,
,2018,9,8,33.8,26.7,5.2,3.2,83,77,5.7,6.5,334,,,,,,,,,,,,,,,,,,,,,,,,,
,2018,9,9,35.5,26.4,2,6,76,67,7.4,4.8,385.6,,,,,,,,,,,,,,,,,,,,,,,,,
,2018,9,10,34.5,27.2,0,5,79,67,4.3,7.9,291.51,,,,,,,,,,,,,,,,,,,,,,,,,
,2018,9,11,34.3,27.4,11.2,4.2,79,77,2.4,9.8,233.84,,,,,,,,,,,,,,,,,,,,,,,,,
,2018,9,12,34.2,26.2,28.8,6.8,83,71,4.3,7.9,291.51,,,,,,,,,,,,,,,,,,,,,,,,,
,2018,9,13,29.6,22.6,2,1,100,95,0.6,11.6,179.21,,,,,,,,,,,,,,,,,,,,,,,,,
,2018,9,14,32.4,23.2,0,3,91,80,0.4,11.8,173.14,,,,,,,,,,,,,,,,,,,,,,,,,
,2018,9,15,34.5,25.6,0,5,91,67,8.7,3.5,425.06,,,,,,,,,,,,,,,,,,,,,,,,,
,2018,9,16,35.3,26.4,0,4,80,67,9.4,2.8,446.31,,,,,,,,,,,,,,,,,,,,,,,,,
,2018,9,17,36.6,27.2,0,5,73,59,10.4,1.8,476.66,,,,,,,,,,,,,,,,,,,,,,,,,
,2018,9,18,36.8,27.6,0,6,70,59,9.3,2.9,443.27,,,,,,,,,,,,,,,,,,,,,,,,,
,2018,9,19,36,27.8,38.8,0,74,65,8.4,3.8,415.96,,,,,,,,,,,,,,,,,,,,,,,,,
,2018,9,20,33.5,25,6.4,4.4,83,70,9.7,2.5,455.41,,,,,,,,,,,,,,,,,,,,,,,,,
,2018,9,21,32.4,24.2,1.2,5.2,72,67,6.7,5.5,364.36,,,,,,,,,,,,,,,,,,,,,,,,,
,2018,9,22,33.6,25.4,0,2,84,64,6.8,5.4,367.39,,,,,,,,,,,,,,,,,,,,,,,,,
,2018,9,23,34.5,26.4,0,4,73,67,6.3,5.9,352.22,,,,,,,,,,,,,,,,,,,,,,,,,
,2018,9,24,34.8,26.6,7.6,5.6,69,64,3.8,8.4,276.33,,,,,,,,,,,,,,,,,,,,,,,,,
,2018,9,25,33.5,27,0,2,87,77,1.3,10.9,445,,,,,,,,,,,,,,,,,,,,,,,,,
,2018,9,26,34.5,26.8,0,3,87,74,3.3,8.9,26.16,,,,,,,,,,,,,,,,,,,,,,,,,
,2018,9,27,34.6,27.2,0,3,83,71,4.8,7.4,306.69,,,,,,,,,,,,,,,,,,,,,,,,,
,2018,9,28,35.5,27,0,2,80,65,5.3,6.9,321.86,,,,,,,,,,,,,,,,,,,,,,,,,
,2018,9,29,35.6,26.8,0,2,84,62,5.4,6.8,324.9,,,,,,,,,,,,,,,,,,,,,,,,,
,2018,9,30,36.2,27,0,4,84,57,8.3,3.9,412.92,,,,,,,,,,,,,,,,,,,,,,,,,
,2018,10,1,36,26.8,0,4,77,53,9.3,2.2,412.98,,,,,,,,,,,,,,,,,,,,,,,,,
,2018,10,2,36.4,24,0,4,63,50,7.4,4.1,358.11,,,,,,,,,,,,,,,,,,,,,,,,,
,2018,10,3,36.2,25.8,5.2,5.2,66,56,6.8,4.7,340.78,,,,,,,,,,,,,,,,,,,,,,,,,
,2018,10,4,34,24.2,0,3,72,76,3.8,7.7,254.14,,,,,,,,,,,,,,,,,,,,,,,,,
,2018,10,5,34.8,25.2,0,3,83,61,6.4,5.1,329.23,,,,,,,,,,,,,,,,,,,,,,,,,
,2018,10,6,34.4,24.2,0,3,72,61,5.7,5.8,309.01,,,,,,,,,,,,,,,,,,,,,,,,,
,2018,10,7,35,24.3,0,3,73,58,8.3,3.2,384.1,,,,,,,,,,,,,,,,,,,,,,,,,
,2018,10,8,35.5,24.2,0,4,69,46,7.8,3.7,369.66,,,,,,,,,,,,,,,,,,,,,,,,,
,2018,10,9,33.2,25.2,0,3,76,57,5.7,5.8,309.01,,,,,,,,,,,,,,,,,,,,,,,,,
,2018,10,10,29,24.2,3.6,1.6,79,76,0,11.5,144.4,,,,,,,,,,,,,,,,,,,,,,,,,
,2018,10,11,27.5,24,29,2.6,86,82,0,11.5,144.4,,,,,,,,,,,,,,,,,,,,,,,,,
,2018,10,12,26.2,23.6,14,0,100,91,0,11.5,144.4,,,,,,,,,,,,,,,,,,,,,,,,,
,2018,10,13,25.8,22.8,13.6,0,95,100,0,11.5,144.4,,,,,,,,,,,,,,,,,,,,,,,,,
,2018,10,14,29,22.2,0,5,95,76,5.2,6.3,294.57,,,,,,,,,,,,,,,,,,,,,,,,,
,2018,10,15,32.5,22.4,0,1,83,76,8.8,2.7,398.54,,,,,,,,,,,,,,,,,,,,,,,,,
,2018,10,16,32.4,22.8,0,3,87,56,8.2,3.3,381.21,,,,,,,,,,,,,,,,,,,,,,,,,
,2018,10,17,32.5,20.8,0,4,79,53,7.2,4.3,352.33,,,,,,,,,,,,,,,,,,,,,,,,,
,2018,10,18,31.8,22,0,2,75,58,5.8,5.7,311.9,,,,,,,,,,,,,,,,,,,,,,,,,
,2018,10,19,33,22.8,0,2,83,60,6.3,5.2,326.34,,,,,,,,,,,,,,,,,,,,,,,,,
,2018,10,20,33.8,23.4,0,3,83,63,7.6,3.9,363.88,,,,,,,,,,,,,,,,,,,,,,,,,
,2018,10,21,33,23.4,0,4,83,56,8.3,3.2,384.1,,,,,,,,,,,,,,,,,,,,,,,,,
,2018,10,22,33.5,22.8,0,4,70,57,8.6,2.9,392.76,,,,,,,,,,,,,,,,,,,,,,,,,
,2018,10,23,33.4,22.3,0,3,75,54,8.8,2.7,398.54,,,,,,,,,,,,,,,,,,,,,,,,,
,2018,10,24,33.2,21.6,0,4,72,51,8.7,2.8,395.65,,,,,,,,,,,,,,,,,,,,,,,,,
,2018,10,25,33.3,22.8,0,4,75,51,8.3,3.2,384.1,,,,,,,,,,,,,,,,,,,,,,,,,
,2018,10,26,33,20.4,0,3.2,86,59,8.6,2.9,392.76,,,,,,,,,,,,,,,,,,,,,,,,,
,2018,10,27,34,21.8,0.2,4.2,83,57,7.6,3.9,363.88,,,,,,,,,,,,,,,,,,,,,,,,,
,2018,10,28,26.4,22.4,1.8,1.8,81,82,0,11.5,144.4,,,,,,,,,,,,,,,,,,,,,,,,,
,2018,10,29,27.3,21.2,0,1,90,79,0,11.5,144.4,,,,,,,,,,,,,,,,,,,,,,,,,
,2018,10,30,29.5,22,0,1,91,71,3.8,7.7,254.14,,,,,,,,,,,,,,,,,,,,,,,,,
,2018,10,31,29.5,22.6,0,3,83,60,9.7,1.8,424.53,,,,,,,,,,,,,,,,,,,,,,,,,
,2018,11,1,33.2,21.8,0,4,71,54,8.9,2,348.81,,,,,,,,,,,,,,,,,,,,,,,,,
,2018,11,2,33.4,22.6,0,3,83,56,4.6,6.3,238.84,,,,,,,,,,,,,,,,,,,,,,,,,
,2018,11,3,32.8,22.4,0,2,68,56,5.7,5.2,266.97,,,,,,,,,,,,,,,,,,,,,,,,,
,2018,11,4,32.7,22.6,0,3,75,63,6.7,4.2,279.76,,,,,,,,,,,,,,,,,,,,,,,,,
,2018,11,5,33.5,22.4,41.4,0,79,54,5.8,5.1,269.53,,,,,,,,,,,,,,,,,,,,,,,,,
,2018,11,6,30.5,18.4,0.6,2.6,95,76,4.2,6.7,228.61,,,,,,,,,,,,,,,,,,,,,,,,,
,2018,11,7,29,21.2,0,3,95,63,6.3,4.6,282.81,,,,,,,,,,,,,,,,,,,,,,,,,
,2018,11,8,31,20,0,2,83,61,7.6,3.3,315.56,,,,,,,,,,,,,,,,,,,,,,,,,
,2018,11,9,29.7,17.6,0,2,80,51,8.7,2.2,343.69,,,,,,,,,,,,,,,,,,,,,,,,,
,2018,11,10,30.5,18,0,3,80,51,8.6,2.3,341.13,,,,,,,,,,,,,,,,,,,,,,,,,
,2018,11,11,30.4,19.3,0,3,81,51,9.7,1.2,369.27,,,,,,,,,,,,,,,,,,,,,,,,,
,2018,11,12,31.5,18.3,0,2,73,61,8.2,2.7,330.9,,,,,,,,,,,,,,,,,,,,,,,,,
,2018,11,13,31.4,18.8,0,3,78,51,8.3,2.6,333.46,,,,,,,,,,,,,,,,,,,,,,,,,
,2018,11,14,30.6,18.7,0,1,77,61,6.6,4.3,289.9,,,,,,,,,,,,,,,,,,,,,,,,,
,2018,11,15,31.5,19.2,0,2,86,62,6.3,4.6,282.31,,,,,,,,,,,,,,,,,,,,,,,,,
,2018,11,16,32.2,21.2,0,3,82,52,7,3.9,322,,,,,,,,,,,,,,,,,,,,,,,,,
,2018,11,17,30.7,20.3,0,3,73,52,7.2,3.7,305.33,,,,,,,,,,,,,,,,,,,,,,,,,
,2018,11,18,30.2,17.6,0,4,63,51,8.3,2.6,333.46,,,,,,,,,,,,,,,,,,,,,,,,,
,2018,11,19,30.2,15.8,0,1,68,56,7.2,3.7,305.33,,,,,,,,,,,,,,,,,,,,,,,,,
,2018,11,20,29.4,16.2,0,2,58,53,7.6,3.3,315.56,,,,,,,,,,,,,,,,,,,,,,,,,
,2018,11,21,29.5,16.6,0,2,77,54,7.4,3.5,310.44,,,,,,,,,,,,,,,,,,,,,,,,,
,2018,11,22,30,16.4,0,2,71,53,8.2,2.7,330.9,,,,,,,,,,,,,,,,,,,,,,,,,
,2018,11,23,30.2,17.6,0,1,81,54,7.8,3.1,320.67,,,,,,,,,,,,,,,,,,,,,,,,,
,2018,11,24,29.2,16.4,0,3,69,59,6.2,4.7,279.76,,,,,,,,,,,,,,,,,,,,,,,,,
,2018,11,25,30,16.2,0,3,72,54,8.3,2.6,333.46,,,,,,,,,,,,,,,,,,,,,,,,,
,2018,11,26,30,15.6,0,3,81,47,8.7,2.2,343.69,,,,,,,,,,,,,,,,,,,,,,,,,
,2018,11,27,31.2,18,0,4,72,54,8.2,2.7,309,,,,,,,,,,,,,,,,,,,,,,,,,
,2018,11,28,31.8,18.4,0,3,72,49,8.5,2.4,338.58,,,,,,,,,,,,,,,,,,,,,,,,,
,2018,11,29,30.5,16.2,0,2,71,44,8.1,2.8,328.35,,,,,,,,,,,,,,,,,,,,,,,,,
,2018,11,30,29.4,16.3,0,3,72,43,6.5,4.4,287.43,,,,,,,,,,,,,,,,,,,,,,,,,
,2018,12,1,29.5,16.4,0,3,65,43,6.4,4.2,263.23,,,,,,,,,,,,,,,,,,,,,,,,,
,2018,12,2,28.4,16.2,0,2,80,53,8.3,2.3,308.66,,,,,,,,,,,,,,,,,,,,,,,,,
,2018,12,3,28.8,15.8,0,1,71,49,8.2,2.4,306.27,,,,,,,,,,,,,,,,,,,,,,,,,
,2018,12,4,29.5,16.4,0,2,80,55,8.3,2.3,308.66,,,,,,,,,,,,,,,,,,,,,,,,,
,2018,12,5,29.4,16.2,0,3,80,53,6.8,3.8,272.79,,,,,,,,,,,,,,,,,,,,,,,,,
,2018,12,6,29,17.8,0,2,79,56,6.7,3.9,270.4,,,,,,,,,,,,,,,,,,,,,,,,,
,2018,12,7,28.2,15.4,0,2,75,52,5.8,4.8,248.88,,,,,,,,,,,,,,,,,,,,,,,,,
,2018,12,8,28.4,16,0,2,78,55,8.2,2.4,306.27,,,,,,,,,,,,,,,,,,,,,,,,,
,2018,12,9,28.7,14.3,0,3,76,53,7.3,3.3,284.75,,,,,,,,,,,,,,,,,,,,,,,,,
,2018,12,10,28.5,14.6,0,3,80,48,8.3,2.2,308.6,,,,,,,,,,,,,,,,,,,,,,,,,
,2018,12,11,29.5,12.8,0,2,79,55,6.8,3.8,272.79,,,,,,,,,,,,,,,,,,,,,,,,,
,2018,12,12,29.2,14.6,,2,80,49,7.8,2.8,296.7,,,,,,,,,,,,,,,,,,,,,,,,,
,2018,12,13,30,14.5,0,3,80,54,7.2,3.4,282.36,,,,,,,,,,,,,,,,,,,,,,,,,
,2018,12,14,29.5,18.2,0,2,80,47,6.3,4.3,260.84,,,,,,,,,,,,,,,,,,,,,,,,,
,2018,12,15,27.8,16.2,0,1,78,52,5.8,4.8,248.88,,,,,,,,,,,,,,,,,,,,,,,,,
,2018,12,16,28.5,17.2,0,2,79,53,2.3,8.3,165.19,,,,,,,,,,,,,,,,,,,,,,,,,
,2018,12,17,24,18.3,7.6,1.4,84,80,0,10.6,110.2,,,,,,,,,,,,,,,,,,,,,,,,,
,2018,12,18,19.2,16.8,1.6,0.6,100,100,0,10.6,110.2,,,,,,,,,,,,,,,,,,,,,,,,,
,2018,12,19,19.8,16.2,0,1,88,83,0,10.6,110.2,,,,,,,,,,,,,,,,,,,,,,,,,
,2018,12,20,24,13.4,0,1,100,80,6.4,4.2,263.23,,,,,,,,,,,,,,,,,,,,,,,,,
,2018,12,21,26.2,13.2,0,3,94,65,0.7,3.9,270.4,,,,,,,,,,,,,,,,,,,,,,,,,
,2018,12,22,26.5,14.4,0,1,88,58,7.3,3.3,284.75,,,,,,,,,,,,,,,,,,,,,,,,,
,2018,12,23,27.4,13.6,0,2,83,52,7.7,2.9,294.31,,,,,,,,,,,,,,,,,,,,,,,,,
,2018,12,24,27,14.8,0,2,84,52,6.8,3.8,272.79,,,,,,,,,,,,,,,,,,,,,,,,,
,2018,12,25,26,14.5,0,2,60,50,5.4,5.2,339.32,,,,,,,,,,,,,,,,,,,,,,,,,
,2018,12,26,26,13.8,0,2,83,50,6.5,4.1,265.62,,,,,,,,,,,,,,,,,,,,,,,,,
,2018,12,27,25.5,12.8,0,2,72,49,7.4,3.2,294.31,,,,,,,,,,,,,,,,,,,,,,,,,
,2018,12,28,24.6,11.6,0,3,58,48,7.8,2.8,296.7,,,,,,,,,,,,,,,,,,,,,,,,,
,2018,12,29,24.8,9.2,0,2,65,40,7.4,3.2,287.14,,,,,,,,,,,,,,,,,,,,,,,,,
,2018,12,30,26.7,11.4,0,2,60,36,7.3,3.3,284.75,,,,,,,,,,,,,,,,,,,,,,,,,
,2018,12,31,29,12,0,,78,43,7.8,2.8,296.7,,,,,,,,,,,,,,,,,,,,,,,,,
